model,year,price,mileage,mpg,engineSize,Automatic,Manual,Semi-Auto,Diesel,Electric,Hybrid,Other,Petrol
 Grand Tourneo Connect,2019,19999,3500,61.4,1.5,0,1,0,1,0,0,0,0
 Grand Tourneo Connect,2018,15990,9486,56.6,1.5,1,0,0,1,0,0,0,0
 Grand Tourneo Connect,2017,13998,4856,61.4,1.5,0,1,0,1,0,0,0,0
 Grand Tourneo Connect,2019,19999,3500,61.4,1.5,0,1,0,1,0,0,0,0
 Grand Tourneo Connect,2018,15990,9486,56.6,1.5,1,0,0,1,0,0,0,0
 Grand Tourneo Connect,2018,16298,10703,56.6,1.5,1,0,0,1,0,0,0,0
 Grand Tourneo Connect,2017,14998,12757,56.6,1.5,1,0,0,1,0,0,0,0
 Grand Tourneo Connect,2016,11410,47548,64.2,1.5,0,1,0,1,0,0,0,0
 Grand Tourneo Connect,2019,17998,1144,61.4,1.5,0,1,0,1,0,0,0,0
 Grand Tourneo Connect,2019,18500,542,61.4,1.5,0,1,0,1,0,0,0,0
 Grand Tourneo Connect,2016,13000,29000,56.6,1.5,1,0,0,1,0,0,0,0
 Grand Tourneo Connect,2019,14998,11500,46.3,1.5,0,1,0,1,0,0,0,0
 Grand Tourneo Connect,2018,12298,25546,61.4,1.5,0,1,0,1,0,0,0,0
 Grand Tourneo Connect,2016,11790,29416,64.2,1.5,0,1,0,1,0,0,0,0
 Grand Tourneo Connect,2019,16500,6069,61.4,1.5,0,1,0,1,0,0,0,0
 Grand Tourneo Connect,2017,12298,17442,64.2,1.5,0,1,0,1,0,0,0,0
 Grand Tourneo Connect,2017,14998,18209,56.6,1.5,1,0,0,1,0,0,0,0
 Grand Tourneo Connect,2016,13995,30000,61.4,1.5,0,1,0,1,0,0,0,0
 Grand Tourneo Connect,2017,14698,14801,64.2,1.5,0,1,0,1,0,0,0,0
 Grand Tourneo Connect,2019,16930,15297,61.4,1.5,0,1,0,1,0,0,0,0
 Grand Tourneo Connect,2016,12157,45228,56.6,1.5,1,0,0,1,0,0,0,0
 Grand Tourneo Connect,2017,15999,24712,64.2,1.5,0,1,0,1,0,0,0,0
 Grand Tourneo Connect,2017,14000,20122,64.2,1.5,0,1,0,1,0,0,0,0
 Grand Tourneo Connect,2016,14500,18460,56.6,1.5,1,0,0,1,0,0,0,0
 Grand Tourneo Connect,2016,14000,21576,56.6,1.5,1,0,0,1,0,0,0,0
 Grand Tourneo Connect,2015,9490,94362,58.9,1.6,0,1,0,1,0,0,0,0
 Grand Tourneo Connect,2019,19000,4284,61.4,1.5,0,1,0,1,0,0,0,0
 Grand Tourneo Connect,2016,13490,13608,64.2,1.5,0,1,0,1,0,0,0,0
 Grand Tourneo Connect,2016,13482,21862,64.2,1.5,0,1,0,1,0,0,0,0
 Grand Tourneo Connect,2017,13200,39494,64.2,1.5,0,1,0,1,0,0,0,0
 Grand Tourneo Connect,2017,12500,52175,64.2,1.5,0,1,0,1,0,0,0,0
 Grand Tourneo Connect,2018,17298,8354,56.6,1.5,1,0,0,1,0,0,0,0
 Grand Tourneo Connect,2019,18500,390,61.4,1.5,0,1,0,1,0,0,0,0
 Grand Tourneo Connect,2016,12260,45670,56.6,1.5,1,0,0,1,0,0,0,0
 Grand Tourneo Connect,2017,12750,14825,61.4,1.5,0,1,0,1,0,0,0,0
 Grand Tourneo Connect,2018,14900,18232,64.2,1.5,0,1,0,1,0,0,0,0
 Grand Tourneo Connect,2019,19500,3942,56.6,1.5,1,0,0,1,0,0,0,0
 Grand Tourneo Connect,2019,19500,5589,61.4,1.5,0,1,0,1,0,0,0,0
 Grand Tourneo Connect,2020,20850,601,61.4,1.5,0,1,0,1,0,0,0,0
 Grand Tourneo Connect,2016,13500,44785,56.6,1.5,1,0,0,1,0,0,0,0
 Grand Tourneo Connect,2015,13200,14079,56.6,1.5,1,0,0,1,0,0,0,0
 Grand Tourneo Connect,2019,16000,15244,61.4,1.5,0,1,0,1,0,0,0,0
 Grand Tourneo Connect,2017,13500,19483,64.2,1.5,0,1,0,1,0,0,0,0
 Grand Tourneo Connect,2019,18490,11,46.3,1.5,0,1,0,1,0,0,0,0
 Grand Tourneo Connect,2017,24500,9000,64.2,1.5,0,1,0,1,0,0,0,0
 Grand Tourneo Connect,2017,11499,27354,61.4,1.5,0,1,0,1,0,0,0,0
 Grand Tourneo Connect,2015,10995,30760,58.9,1.6,0,1,0,1,0,0,0,0
 Grand Tourneo Connect,2015,10499,54429,58.9,1.6,0,1,0,1,0,0,0,0
 Grand Tourneo Connect,2017,11000,35654,61.4,1.5,0,1,0,1,0,0,0,0
 Grand Tourneo Connect,2017,13699,41445,56.6,1.5,1,0,0,1,0,0,0,0
 Grand Tourneo Connect,2017,14200,27252,64.2,1.5,0,1,0,1,0,0,0,0
 Grand Tourneo Connect,2017,13995,45461,64.2,1.5,0,1,0,1,0,0,0,0
 Grand Tourneo Connect,2015,6499,115613,58.9,1.6,0,1,0,1,0,0,0,0
 Grand Tourneo Connect,2016,13995,13000,64.2,1.5,0,1,0,1,0,0,0,0
 Grand Tourneo Connect,2014,10995,37381,58.9,1.6,0,1,0,1,0,0,0,0
 Grand Tourneo Connect,2015,8995,94000,58.9,1.6,0,1,0,1,0,0,0,0
 Grand Tourneo Connect,2019,17999,4842,61.4,1.5,0,1,0,1,0,0,0,0
 Grand Tourneo Connect,2019,22000,1523,61.4,1.5,0,1,0,1,0,0,0,0
 Grand Tourneo Connect,2019,17999,6937,61.4,1.5,0,1,0,1,0,0,0,0
 Tourneo Connect,2015,9295,47904,56.5,1.6,0,1,0,1,0,0,0,0
 Tourneo Connect,2017,10998,16310,50.4,1.0,0,1,0,0,0,0,0,1
 Tourneo Connect,2016,8998,42960,61.4,1.5,0,1,0,1,0,0,0,0
 Tourneo Connect,2015,10298,28309,58.9,1.6,0,1,0,1,0,0,0,0
 Tourneo Connect,2019,19998,4605,61.4,1.5,0,1,0,1,0,0,0,0
 Tourneo Connect,2015,9998,88927,64.2,1.5,0,1,0,1,0,0,0,0
 Tourneo Connect,2017,12998,5094,64.2,1.5,0,1,0,1,0,0,0,0
 Tourneo Connect,2016,13990,16740,64.2,1.5,0,1,0,1,0,0,0,0
 Tourneo Connect,2016,9000,72777,64.2,1.5,0,1,0,1,0,0,0,0
 Tourneo Connect,2016,11298,24939,61.4,1.5,0,1,0,1,0,0,0,0
 Tourneo Connect,2016,13250,36145,56.6,1.5,1,0,0,1,0,0,0,0
 Tourneo Connect,2016,10873,56892,56.6,1.5,1,0,0,1,0,0,0,0
 Tourneo Connect,2017,15998,6051,56.6,1.5,1,0,0,1,0,0,0,0
 Tourneo Connect,2017,12991,21310,61.4,1.5,0,1,0,1,0,0,0,0
 Tourneo Connect,2016,12298,43812,56.6,1.5,1,0,0,1,0,0,0,0
 Tourneo Connect,2018,14999,30000,64.2,1.5,0,1,0,1,0,0,0,0
 Tourneo Connect,2016,12360,31307,64.2,1.5,0,1,0,1,0,0,0,0
 Tourneo Connect,2019,19897,2991,61.4,1.5,0,1,0,1,0,0,0,0
 Tourneo Connect,2016,11995,21026,64.2,1.5,0,1,0,1,0,0,0,0
 Tourneo Connect,2016,11995,21026,64.2,1.5,0,1,0,1,0,0,0,0
 Tourneo Connect,2019,17000,12815,48.7,1.5,0,1,0,1,0,0,0,0
 Tourneo Connect,2017,14000,21491,64.2,1.5,0,1,0,1,0,0,0,0
 Tourneo Connect,2019,20000,1390,61.4,1.5,0,1,0,1,0,0,0,0
 Tourneo Connect,2017,13950,15852,56.6,1.5,1,0,0,1,0,0,0,0
 Tourneo Connect,2016,13000,11297,56.6,1.5,1,0,0,1,0,0,0,0
 Tourneo Connect,2019,18500,5659,44.1,1.5,1,0,0,1,0,0,0,0
 Tourneo Connect,2020,20950,409,44.1,1.5,1,0,0,1,0,0,0,0
 Tourneo Connect,2019,17950,1956,61.4,1.5,0,1,0,1,0,0,0,0
 Tourneo Connect,2016,12500,26545,64.2,1.5,0,1,0,1,0,0,0,0
 Tourneo Connect,2019,18750,2762,48.7,1.5,0,1,0,1,0,0,0,0
 Tourneo Connect,2017,8975,66305,64.2,1.5,0,1,0,1,0,0,0,0
 Tourneo Connect,2016,14995,6000,56.6,1.5,1,0,0,1,0,0,0,0
 Tourneo Connect,2015,11495,15518,35.3,1.6,1,0,0,0,0,0,0,1
 Transit Tourneo,2014,12450,19496,42.2,2.2,0,1,0,1,0,0,0,0
 Tourneo Custom,2018,19995,24568,31.7,2.0,1,0,0,1,0,0,0,0
 Tourneo Custom,2017,19995,14000,44.8,2.0,0,1,0,1,0,0,0,0
 Tourneo Custom,2019,20990,5100,31.7,2.0,0,1,0,1,0,0,0,0
 Tourneo Custom,2019,29999,100,30.1,2.0,0,1,0,1,0,0,0,0
 Tourneo Custom,2016,16700,22704,44.8,2.0,0,1,0,1,0,0,0,0
 Tourneo Custom,2017,17998,41269,44.8,2.0,0,1,0,1,0,0,0,0
 Tourneo Custom,2016,15298,62505,46.3,2.0,0,1,0,1,0,0,0,0
 Tourneo Custom,2017,20156,4629,44.8,2.0,0,1,0,1,0,0,0,0
 Tourneo Custom,2018,21948,26909,31.7,2.0,1,0,0,1,0,0,0,0
 Tourneo Custom,2018,21228,22037,31.7,2.0,1,0,0,1,0,0,0,0
 Tourneo Custom,2016,18798,44233,46.3,2.0,0,1,0,1,0,0,0,0
 Tourneo Custom,2018,22995,20874,44.1,2.0,0,1,0,1,0,0,0,0
 Tourneo Custom,2016,16998,25108,44.8,2.0,0,1,0,1,0,0,0,0
 Tourneo Custom,2016,17998,30010,44.1,2.0,0,1,0,1,0,0,0,0
 Tourneo Custom,2018,19776,36199,44.8,2.0,0,1,0,1,0,0,0,0
 Tourneo Custom,2017,19194,64432,44.8,2.0,0,1,0,1,0,0,0,0
 Tourneo Custom,2015,15998,30324,43.5,2.2,0,1,0,1,0,0,0,0
 Tourneo Custom,2019,24995,6375,32.5,2.0,0,1,0,1,0,0,0,0
 Tourneo Custom,2019,24995,5341,32.5,2.0,0,1,0,1,0,0,0,0
 Tourneo Custom,2016,15995,49913,42.2,2.2,0,1,0,1,0,0,0,0
 Tourneo Custom,2017,17998,51252,44.8,2.0,0,1,0,1,0,0,0,0
 Tourneo Custom,2019,18990,21529,32.5,2.0,0,1,0,1,0,0,0,0
 Tourneo Custom,2017,16991,48822,44.8,2.0,0,1,0,1,0,0,0,0
 Tourneo Custom,2016,19498,30382,44.1,2.0,0,1,0,1,0,0,0,0
 Tourneo Custom,2016,16998,45668,44.8,2.0,0,1,0,1,0,0,0,0
 Tourneo Custom,2019,18995,25587,32.5,2.0,0,1,0,1,0,0,0,0
 Tourneo Custom,2019,21400,5609,35.3,2.0,0,1,0,1,0,0,0,0
 Tourneo Custom,2019,21400,2763,35.3,2.0,0,1,0,1,0,0,0,0
 Tourneo Custom,2019,19997,29973,35.3,2.0,0,1,0,1,0,0,0,0
 Tourneo Custom,2016,19698,11960,44.8,2.0,0,1,0,1,0,0,0,0
 Tourneo Custom,2018,20000,14292,32.5,2.0,0,1,0,1,0,0,0,0
 Tourneo Custom,2018,20000,13306,32.5,2.0,0,1,0,1,0,0,0,0
 Tourneo Custom,2017,19490,23838,44.8,2.0,0,1,0,1,0,0,0,0
 Tourneo Custom,2016,12995,73000,44.8,2.0,0,1,0,1,0,0,0,0
 Tourneo Custom,2018,21995,14986,30.1,2.0,0,1,0,1,0,0,0,0
 Tourneo Custom,2015,18498,13016,42.2,2.2,0,1,0,1,0,0,0,0
 Tourneo Custom,2016,16798,26807,46.3,2.0,0,1,0,1,0,0,0,0
 Tourneo Custom,2018,27995,11415,30.1,2.0,0,1,0,1,0,0,0,0
 Tourneo Custom,2018,20995,8095,44.8,2.0,0,1,0,1,0,0,0,0
 Tourneo Custom,2019,28995,4452,30.1,2.0,1,0,0,1,0,0,0,0
 Tourneo Custom,2019,29500,10450,31.7,2.0,0,1,0,1,0,0,0,0
 Tourneo Custom,2018,19995,2500,32.5,2.0,0,1,0,1,0,0,0,0
 Tourneo Custom,2017,17995,33650,44.1,2.0,0,1,0,1,0,0,0,0
 Tourneo Custom,2019,25995,5000,32.8,2.0,1,0,0,1,0,0,0,0
 Tourneo Custom,2019,25995,9897,30.1,2.0,0,1,0,1,0,0,0,0
 Tourneo Custom,2017,20000,36000,44.8,2.0,0,1,0,1,0,0,0,0
 Tourneo Custom,2016,22495,31250,44.1,2.0,0,1,0,1,0,0,0,0
 Tourneo Custom,2019,26922,1410,30.1,2.0,0,1,0,1,0,0,0,0
 Tourneo Custom,2017,19989,37950,44.1,2.0,0,1,0,1,0,0,0,0
 Tourneo Custom,2019,23995,6020,31.7,2.0,1,0,0,1,0,0,0,0
 Tourneo Custom,2019,29890,6500,31.7,2.0,0,1,0,1,0,0,0,0
 Tourneo Custom,2019,29495,7000,31.7,2.0,0,1,0,1,0,0,0,0
 Tourneo Custom,2018,15499,6896,44.8,2.0,0,1,0,1,0,0,0,0
 Tourneo Custom,2017,20000,26514,44.8,2.0,0,1,0,1,0,0,0,0
 Tourneo Custom,2019,24000,10012,35.3,2.0,0,1,0,1,0,0,0,0
 Tourneo Custom,2017,19490,39250,44.8,2.0,0,1,0,1,0,0,0,0
 Tourneo Custom,2017,19990,15000,46.3,2.0,0,1,0,1,0,0,0,0
 Tourneo Custom,2019,25495,9750,31.7,2.0,1,0,0,1,0,0,0,0
 Tourneo Custom,2019,26500,2000,32.1,2.0,1,0,0,1,0,0,0,0
 Tourneo Custom,2019,25495,10500,32.5,2.0,0,1,0,1,0,0,0,0
 Tourneo Custom,2018,24495,22500,32.5,2.0,0,1,0,1,0,0,0,0
 Tourneo Custom,2019,25495,10750,32.5,2.0,0,1,0,1,0,0,0,0
 Tourneo Custom,2018,21980,6959,46.3,2.0,0,1,0,1,0,0,0,0
 Tourneo Custom,2018,21980,26483,44.8,2.0,0,1,0,1,0,0,0,0
 Tourneo Custom,2017,16500,47000,44.8,2.0,0,1,0,1,0,0,0,0
 Tourneo Custom,2017,22000,32315,44.1,2.0,0,1,0,1,0,0,0,0
 Tourneo Custom,2019,19999,3710,35.3,2.0,0,1,0,1,0,0,0,0
 Tourneo Custom,2019,19999,2223,35.3,2.0,0,1,0,1,0,0,0,0
 Tourneo Custom,2018,17495,30732,32.5,2.0,0,1,0,1,0,0,0,0
 Fusion,2010,4750,26588,37.7,1.6,1,0,0,0,0,0,0,1
 Fusion,2005,2395,64000,64.2,1.4,0,1,0,1,0,0,0,0
 Fusion,2011,3999,35006,42.8,1.6,0,1,0,0,0,0,0,1
 Fusion,2009,2491,86022,43.5,1.4,0,1,0,0,0,0,0,1
 Fusion,2010,2495,96000,62.8,1.4,0,1,0,1,0,0,0,0
 Fusion,2007,2299,62233,42.8,1.6,0,1,0,0,0,0,0,1
 Fusion,2008,3199,55789,37.2,1.6,0,1,0,0,0,0,0,1
 Fusion,2006,2495,69255,43.5,1.4,0,1,0,0,0,0,0,1
 Fusion,2008,1895,105000,42.8,1.6,0,1,0,0,0,0,0,1
 Fusion,2005,2095,31000,41.5,1.4,0,1,0,0,0,0,0,1
 Fusion,2009,1450,94028,43.5,1.4,0,1,0,0,0,0,0,1
 Fusion,2010,1795,83000,43.5,1.4,0,1,0,0,0,0,0,1
 Fusion,2008,2750,66000,37.2,1.6,1,0,0,0,0,0,0,1
 Fusion,2009,2890,44000,37.7,1.6,1,0,0,0,0,0,0,1
 Fusion,2004,1500,59300,42.8,1.4,1,0,0,0,0,0,0,1
 Fusion,2010,2395,77000,62.8,1.4,0,1,0,1,0,0,0,0
 Ranger,2013,14495,88000,28.3,3.2,0,1,0,1,0,0,0,0
 Streetka,2005,1999,63000,35.3,1.6,0,1,0,0,0,0,0,1
 Streetka,2006,1850,74055,35.8,1.6,0,1,0,0,0,0,0,1
 Escort,1996,3000,50000,34.4,1.8,0,1,0,0,0,0,0,1
 Grand C-MAX,2018,13495,1030,47.9,1.0,0,1,0,0,0,0,0,1
 Grand C-MAX,2015,8998,28359,60.1,1.6,0,1,0,1,0,0,0,0
 Grand C-MAX,2017,12498,10373,54.3,1.0,0,1,0,0,0,0,0,1
 Grand C-MAX,2016,10498,17197,64.2,1.5,0,1,0,1,0,0,0,0
 Grand C-MAX,2017,10998,14161,64.2,1.5,0,1,0,1,0,0,0,0
 Grand C-MAX,2016,9998,39460,64.2,1.5,0,1,0,1,0,0,0,0
 Grand C-MAX,2019,14950,9693,57.7,1.5,0,1,0,1,0,0,0,0
 Grand C-MAX,2014,6998,45460,60.1,1.6,0,1,0,1,0,0,0,0
 Grand C-MAX,2017,10698,29886,64.2,1.5,0,1,0,1,0,0,0,0
 Grand C-MAX,2017,11698,12124,64.2,1.5,0,1,0,1,0,0,0,0
 Grand C-MAX,2017,13498,8913,54.3,1.0,0,1,0,0,0,0,0,1
 Grand C-MAX,2017,10498,29684,64.2,1.5,0,1,0,1,0,0,0,0
 Grand C-MAX,2017,11498,6368,64.2,1.5,0,1,0,1,0,0,0,0
 Grand C-MAX,2015,8498,47182,64.2,1.5,0,1,0,1,0,0,0,0
 Grand C-MAX,2017,10498,35853,64.2,1.5,0,1,0,1,0,0,0,0
 Grand C-MAX,2017,10798,19318,64.2,1.5,0,1,0,1,0,0,0,0
 Grand C-MAX,2017,12498,17367,58.9,1.5,0,0,1,1,0,0,0,0
 Grand C-MAX,2015,8991,49633,64.2,1.5,0,1,0,1,0,0,0,0
 Grand C-MAX,2018,11176,32038,64.2,1.5,0,1,0,1,0,0,0,0
 Grand C-MAX,2015,9975,30858,54.3,1.0,0,1,0,0,0,0,0,1
 Grand C-MAX,2016,11998,34883,61.4,2.0,0,1,0,1,0,0,0,0
 Grand C-MAX,2016,9940,29592,64.2,1.5,0,1,0,1,0,0,0,0
 Grand C-MAX,2017,9990,30788,64.2,1.5,0,1,0,1,0,0,0,0
 Grand C-MAX,2016,10857,8000,64.2,1.5,0,1,0,1,0,0,0,0
 Grand C-MAX,2016,11736,33000,64.2,1.5,0,1,0,1,0,0,0,0
 Grand C-MAX,2017,10998,31399,64.2,1.5,0,1,0,1,0,0,0,0
 Grand C-MAX,2013,7698,36101,60.1,1.6,0,1,0,1,0,0,0,0
 Grand C-MAX,2015,10495,31221,48.7,2.0,0,0,1,1,0,0,0,0
 Grand C-MAX,2018,13000,13202,47.1,1.0,0,1,0,0,0,0,0,1
 Grand C-MAX,2017,10500,28958,64.2,1.5,0,1,0,1,0,0,0,0
 Grand C-MAX,2016,9500,52126,58.9,1.5,0,0,1,1,0,0,0,0
 Grand C-MAX,2017,9995,46391,54.3,1.0,0,1,0,0,0,0,0,1
 Grand C-MAX,2017,11500,5859,54.3,1.0,0,1,0,0,0,0,0,1
 Grand C-MAX,2017,9690,40911,64.2,1.5,0,1,0,1,0,0,0,0
 Grand C-MAX,2016,9795,48154,64.2,1.5,0,1,0,1,0,0,0,0
 Grand C-MAX,2016,9995,22885,58.9,1.5,0,0,1,1,0,0,0,0
 Grand C-MAX,2017,11695,15866,58.9,1.5,0,0,1,1,0,0,0,0
 Grand C-MAX,2016,10490,26985,54.3,1.0,0,1,0,0,0,0,0,1
 Grand C-MAX,2017,10990,22888,54.3,1.0,0,1,0,0,0,0,0,1
 Grand C-MAX,2017,12950,14369,64.2,1.5,0,1,0,1,0,0,0,0
 Grand C-MAX,2017,10200,32058,64.2,1.5,0,1,0,1,0,0,0,0
 Grand C-MAX,2018,11995,21643,47.9,1.0,0,1,0,0,0,0,0,1
 Grand C-MAX,2017,10830,14420,58.9,1.5,1,0,0,1,0,0,0,0
 Grand C-MAX,2018,11998,36244,54.3,1.0,0,1,0,0,0,0,0,1
 Grand C-MAX,2017,12698,12628,64.2,1.5,0,1,0,1,0,0,0,0
 Grand C-MAX,2017,10607,20366,54.3,1.0,0,1,0,0,0,0,0,1
 Grand C-MAX,2016,10495,15146,58.9,1.5,1,0,0,1,0,0,0,0
 Grand C-MAX,2016,10277,15414,64.2,1.5,0,1,0,1,0,0,0,0
 Grand C-MAX,2017,11498,36658,64.2,1.5,0,1,0,1,0,0,0,0
 Grand C-MAX,2015,9797,40521,56.5,2.0,0,0,1,1,0,0,0,0
 Grand C-MAX,2013,7690,36270,60.1,1.6,0,1,0,1,0,0,0,0
 Grand C-MAX,2017,12850,8764,64.2,1.5,0,1,0,1,0,0,0,0
 Grand C-MAX,2017,12491,21689,61.4,2.0,0,1,0,1,0,0,0,0
 Grand C-MAX,2016,11390,27571,58.9,1.5,1,0,0,1,0,0,0,0
 Grand C-MAX,2019,16750,15097,56.5,1.5,0,1,0,1,0,0,0,0
 Grand C-MAX,2017,10998,12360,64.2,1.5,0,1,0,1,0,0,0,0
 Grand C-MAX,2017,12498,17813,64.2,1.5,0,1,0,1,0,0,0,0
 Grand C-MAX,2016,10250,24512,58.9,1.5,0,0,1,1,0,0,0,0
 Grand C-MAX,2017,12931,17509,54.3,1.0,0,1,0,0,0,0,0,1
 Grand C-MAX,2017,11998,11663,64.2,1.5,0,1,0,1,0,0,0,0
 Grand C-MAX,2017,12490,8121,54.3,1.0,0,1,0,0,0,0,0,1
 Grand C-MAX,2016,11500,12548,64.2,1.5,0,1,0,1,0,0,0,0
 Grand C-MAX,2017,11498,15371,54.3,1.0,0,1,0,0,0,0,0,1
 Grand C-MAX,2015,9998,25969,64.2,1.5,0,1,0,1,0,0,0,0
 Grand C-MAX,2016,10798,16541,58.9,1.5,0,0,1,1,0,0,0,0
 Grand C-MAX,2017,11998,29396,64.2,1.5,0,1,0,1,0,0,0,0
 Grand C-MAX,2017,10998,48934,54.3,1.0,0,1,0,0,0,0,0,1
 Grand C-MAX,2017,10850,26967,54.3,1.0,0,1,0,0,0,0,0,1
 Grand C-MAX,2013,6597,35765,60.1,1.6,0,1,0,1,0,0,0,0
 Grand C-MAX,2017,11498,27070,64.2,1.5,0,1,0,1,0,0,0,0
 Grand C-MAX,2017,11498,17897,54.3,1.0,0,1,0,0,0,0,0,1
 Grand C-MAX,2017,10800,13809,64.2,1.5,0,1,0,1,0,0,0,0
 Grand C-MAX,2016,9495,47387,64.2,1.5,0,1,0,1,0,0,0,0
 Grand C-MAX,2016,9991,26611,54.3,1.0,0,1,0,0,0,0,0,1
 Grand C-MAX,2017,14500,6994,54.3,1.0,0,1,0,0,0,0,0,1
 Grand C-MAX,2017,11891,11373,54.3,1.0,0,1,0,0,0,0,0,1
 Grand C-MAX,2016,9995,14621,54.3,1.0,0,1,0,0,0,0,0,1
 Grand C-MAX,2017,10495,33007,64.2,1.5,0,1,0,1,0,0,0,0
 Grand C-MAX,2016,10240,16746,54.3,1.0,0,1,0,0,0,0,0,1
 Grand C-MAX,2016,10730,37021,54.3,1.0,0,1,0,0,0,0,0,1
 Grand C-MAX,2016,8480,44956,58.9,1.5,1,0,0,1,0,0,0,0
 Grand C-MAX,2016,9200,50592,64.2,1.5,0,1,0,1,0,0,0,0
 Grand C-MAX,2016,9660,30691,54.3,1.0,0,1,0,0,0,0,0,1
 Grand C-MAX,2017,9691,43499,64.2,1.5,0,1,0,1,0,0,0,0
 Grand C-MAX,2016,9995,22120,54.3,1.0,0,1,0,0,0,0,0,1
 Grand C-MAX,2017,11240,12054,54.3,1.0,0,1,0,0,0,0,0,1
 Grand C-MAX,2017,10190,36333,64.2,1.5,0,1,0,1,0,0,0,0
 Grand C-MAX,2016,10077,19704,58.9,1.5,1,0,0,1,0,0,0,0
 Grand C-MAX,2017,10998,21738,64.2,1.5,0,1,0,1,0,0,0,0
 Grand C-MAX,2016,13990,28982,64.2,1.5,0,1,0,1,0,0,0,0
 Grand C-MAX,2016,9899,18415,64.2,1.5,0,1,0,1,0,0,0,0
 Grand C-MAX,2017,10999,51024,54.3,1.0,0,1,0,0,0,0,0,1
 Grand C-MAX,2015,10499,26217,56.5,2.0,0,0,1,1,0,0,0,0
 Grand C-MAX,2018,14000,18614,54.3,1.0,0,1,0,0,0,0,0,1
 Grand C-MAX,2016,10030,17334,58.9,1.5,1,0,0,1,0,0,0,0
 Grand C-MAX,2016,10490,16271,64.2,1.5,0,1,0,1,0,0,0,0
 Grand C-MAX,2017,11495,24501,64.2,1.5,0,1,0,1,0,0,0,0
 Grand C-MAX,2015,9499,29950,64.2,1.5,0,1,0,1,0,0,0,0
 Grand C-MAX,2017,11490,42075,64.2,1.5,0,1,0,1,0,0,0,0
 Grand C-MAX,2015,8995,38058,60.1,1.6,0,1,0,1,0,0,0,0
 Grand C-MAX,2018,12298,43496,47.1,1.0,0,1,0,0,0,0,0,1
 Grand C-MAX,2016,9793,26035,58.9,1.5,1,0,0,1,0,0,0,0
 Grand C-MAX,2014,8498,35013,60.1,1.6,0,1,0,1,0,0,0,0
 Grand C-MAX,2017,12498,25243,64.2,1.5,0,1,0,1,0,0,0,0
 Grand C-MAX,2015,8540,44142,60.1,1.6,0,1,0,1,0,0,0,0
 Grand C-MAX,2016,9491,37799,58.9,1.5,0,0,1,1,0,0,0,0
 Grand C-MAX,2017,14498,7219,64.2,1.5,0,1,0,1,0,0,0,0
 Grand C-MAX,2017,12444,17242,64.2,1.5,0,1,0,1,0,0,0,0
 Grand C-MAX,2013,6998,37522,60.1,1.6,0,1,0,1,0,0,0,0
 Grand C-MAX,2018,17900,180,51.4,1.5,0,0,1,1,0,0,0,0
 Grand C-MAX,2017,8691,58111,64.2,1.5,0,1,0,1,0,0,0,0
 Grand C-MAX,2016,10100,15777,64.2,1.5,0,1,0,1,0,0,0,0
 Grand C-MAX,2017,11500,29881,54.3,1.0,0,1,0,0,0,0,0,1
 Grand C-MAX,2017,10995,14789,64.2,1.5,0,1,0,1,0,0,0,0
 Grand C-MAX,2016,10000,11969,64.2,1.5,0,1,0,1,0,0,0,0
 Grand C-MAX,2017,13500,11286,54.3,1.0,0,1,0,0,0,0,0,1
 Grand C-MAX,2018,12800,10092,47.9,1.0,0,1,0,0,0,0,0,1
 Grand C-MAX,2018,14000,5113,47.9,1.0,0,1,0,0,0,0,0,1
 Grand C-MAX,2017,14500,4040,54.3,1.0,0,1,0,0,0,0,0,1
 Grand C-MAX,2017,10500,17121,64.2,1.5,0,1,0,1,0,0,0,0
 Grand C-MAX,2017,11000,12538,64.2,1.5,0,1,0,1,0,0,0,0
 Grand C-MAX,2017,10750,37124,64.2,1.5,0,1,0,1,0,0,0,0
 Grand C-MAX,2017,11000,45435,54.3,1.0,0,1,0,0,0,0,0,1
 Grand C-MAX,2017,11400,22648,54.3,1.0,0,1,0,0,0,0,0,1
 Grand C-MAX,2017,9990,27800,64.2,1.5,0,1,0,1,0,0,0,0
 Grand C-MAX,2016,10495,24335,58.9,1.5,0,0,1,1,0,0,0,0
 Grand C-MAX,2017,11990,10594,54.3,1.0,0,1,0,0,0,0,0,1
 Grand C-MAX,2016,11160,30665,54.3,1.0,0,1,0,0,0,0,0,1
 Grand C-MAX,2018,13647,10652,47.1,1.0,0,1,0,0,0,0,0,1
 Grand C-MAX,2017,10979,36730,54.3,1.0,0,1,0,0,0,0,0,1
 Grand C-MAX,2016,9820,36489,64.2,1.5,0,1,0,1,0,0,0,0
 Grand C-MAX,2016,11690,13325,58.9,1.5,1,0,0,1,0,0,0,0
 Grand C-MAX,2015,9795,51250,48.7,2.0,0,0,1,1,0,0,0,0
 Grand C-MAX,2017,11180,30519,54.3,1.0,0,1,0,0,0,0,0,1
 Grand C-MAX,2016,11995,19000,54.3,1.0,0,1,0,0,0,0,0,1
 Grand C-MAX,2017,11179,37306,54.3,1.0,0,1,0,0,0,0,0,1
 Grand C-MAX,2019,14199,6375,47.9,1.0,0,1,0,0,0,0,0,1
 Grand C-MAX,2018,14499,3937,47.1,1.0,0,1,0,0,0,0,0,1
 Grand C-MAX,2018,13799,11708,64.2,1.5,0,1,0,1,0,0,0,0
 Grand C-MAX,2017,11899,47178,64.2,1.5,0,1,0,1,0,0,0,0
 Grand C-MAX,2019,12899,18065,47.9,1.0,0,1,0,0,0,0,0,1
 Grand C-MAX,2017,10600,31125,64.2,1.5,0,1,0,1,0,0,0,0
 Grand C-MAX,2018,16699,2542,47.1,1.0,0,1,0,0,0,0,0,1
 Grand C-MAX,2018,11795,21965,54.3,1.0,0,1,0,0,0,0,0,1
 Grand C-MAX,2018,15970,1587,51.4,1.5,0,0,1,1,0,0,0,0
 Grand C-MAX,2016,10800,33212,64.2,1.5,0,1,0,1,0,0,0,0
 Grand C-MAX,2019,14590,5417,56.5,1.5,0,1,0,1,0,0,0,0
 Grand C-MAX,2016,10290,19373,64.2,1.5,0,1,0,1,0,0,0,0
 Grand C-MAX,2016,10499,12884,54.3,1.0,0,1,0,0,0,0,0,1
 Grand C-MAX,2016,11250,19548,64.2,1.5,0,1,0,1,0,0,0,0
 Grand C-MAX,2016,10799,18887,54.3,1.0,0,1,0,0,0,0,0,1
 Grand C-MAX,2016,9220,31671,64.2,1.5,0,1,0,1,0,0,0,0
 Grand C-MAX,2018,13800,13768,47.1,1.0,0,1,0,0,0,0,0,1
 Grand C-MAX,2017,11495,22500,58.9,1.5,0,0,1,1,0,0,0,0
 Grand C-MAX,2017,10499,10295,58.9,1.5,0,0,1,1,0,0,0,0
 Grand C-MAX,2017,11499,12172,54.3,1.0,0,1,0,0,0,0,0,1
 Grand C-MAX,2015,8879,33746,60.1,1.6,0,1,0,1,0,0,0,0
 Grand C-MAX,2016,12650,28263,56.5,2.0,0,0,1,1,0,0,0,0
 Grand C-MAX,2017,11290,15934,54.3,1.0,0,1,0,0,0,0,0,1
 Grand C-MAX,2018,13950,4354,54.3,1.0,0,1,0,0,0,0,0,1
 Grand C-MAX,2017,12595,26000,64.2,1.5,0,1,0,1,0,0,0,0
 Grand C-MAX,2017,10400,33163,54.3,1.0,0,1,0,0,0,0,0,1
 Grand C-MAX,2017,12000,16509,54.3,1.0,0,1,0,0,0,0,0,1
 Grand C-MAX,2016,10199,26297,64.2,1.5,0,1,0,1,0,0,0,0
 Grand C-MAX,2016,9799,37020,64.2,1.5,0,1,0,1,0,0,0,0
 Grand C-MAX,2016,9126,38670,64.2,1.5,0,1,0,1,0,0,0,0
 Grand C-MAX,2016,11499,19135,56.5,2.0,1,0,0,1,0,0,0,0
 Grand C-MAX,2016,9999,36511,64.2,1.5,0,1,0,1,0,0,0,0
 Grand C-MAX,2016,9999,27169,64.2,1.5,0,1,0,1,0,0,0,0
 Grand C-MAX,2016,10249,24087,58.9,1.5,1,0,0,1,0,0,0,0
 Grand C-MAX,2016,10099,17621,64.2,1.5,0,1,0,1,0,0,0,0
 Grand C-MAX,2011,6499,48718,40.9,1.6,0,1,0,0,0,0,0,1
 Grand C-MAX,2016,9268,42619,64.2,1.5,0,1,0,1,0,0,0,0
 Grand C-MAX,2016,9999,29843,64.2,1.5,0,1,0,1,0,0,0,0
 Grand C-MAX,2016,9999,28772,64.2,1.5,0,1,0,1,0,0,0,0
 Grand C-MAX,2016,9999,31860,64.2,1.5,0,1,0,1,0,0,0,0
 Grand C-MAX,2013,6826,60037,48.7,2.0,1,0,0,1,0,0,0,0
 Grand C-MAX,2016,10499,17893,58.9,1.5,1,0,0,1,0,0,0,0
 Grand C-MAX,2016,13499,19525,56.5,2.0,1,0,0,1,0,0,0,0
 Grand C-MAX,2011,5490,64000,40.9,1.6,0,1,0,0,0,0,0,1
 Grand C-MAX,2018,15999,1298,51.4,1.5,1,0,0,1,0,0,0,0
 Grand C-MAX,2013,8470,47421,48.7,2.0,1,0,0,1,0,0,0,0
 Grand C-MAX,2016,9834,32151,64.2,1.5,0,1,0,1,0,0,0,0
 Grand C-MAX,2016,9709,45690,64.2,1.5,0,1,0,1,0,0,0,0
 Grand C-MAX,2018,13999,9377,51.4,1.5,1,0,0,1,0,0,0,0
 Grand C-MAX,2016,10799,13967,64.2,1.5,0,1,0,1,0,0,0,0
 Grand C-MAX,2017,10249,24449,58.9,1.5,1,0,0,1,0,0,0,0
 Grand C-MAX,2016,10799,12249,64.2,1.5,0,1,0,1,0,0,0,0
 Grand C-MAX,2016,10699,39296,64.2,1.5,0,1,0,1,0,0,0,0
 Grand C-MAX,2018,11999,21384,54.3,1.0,0,1,0,0,0,0,0,1
 Grand C-MAX,2016,11699,24904,56.5,2.0,1,0,0,1,0,0,0,0
 Grand C-MAX,2017,13299,31976,61.4,2.0,0,1,0,1,0,0,0,0
 Grand C-MAX,2018,12999,18961,58.9,1.5,1,0,0,1,0,0,0,0
 Grand C-MAX,2017,12000,28346,64.2,1.5,0,1,0,1,0,0,0,0
 Grand C-MAX,2013,6799,58873,60.1,1.6,0,1,0,1,0,0,0,0
 Grand C-MAX,2016,9799,28407,58.9,1.5,1,0,0,1,0,0,0,0
 Grand C-MAX,2016,9800,22824,64.2,1.5,0,1,0,1,0,0,0,0
 Grand C-MAX,2016,10500,13642,58.9,1.5,1,0,0,1,0,0,0,0
 Grand C-MAX,2017,10900,41000,54.3,1.0,0,1,0,0,0,0,0,1
 Grand C-MAX,2017,14489,7953,64.2,1.5,0,1,0,1,0,0,0,0
 Grand C-MAX,2015,9000,54764,64.2,1.5,0,1,0,1,0,0,0,0
 Grand C-MAX,2011,5000,92785,40.9,1.6,0,1,0,0,0,0,0,1
 Grand C-MAX,2014,7650,36441,60.1,1.6,0,1,0,1,0,0,0,0
 Grand C-MAX,2011,3399,142963,53.3,2.0,0,1,0,1,0,0,0,0
 Grand C-MAX,2017,7994,53296,64.2,1.5,0,1,0,1,0,0,0,0
 Grand C-MAX,2016,8689,32501,64.2,1.5,0,1,0,1,0,0,0,0
 Grand C-MAX,2012,6650,58745,40.9,1.6,0,1,0,0,0,0,0,1
 Grand C-MAX,2017,10290,24088,64.2,1.5,0,1,0,1,0,0,0,0
 Grand C-MAX,2016,11999,8656,58.9,1.5,1,0,0,1,0,0,0,0
 Grand C-MAX,2017,10999,18415,58.9,1.5,1,0,0,1,0,0,0,0
 Grand C-MAX,2014,9195,43391,48.7,2.0,1,0,0,1,0,0,0,0
 Grand C-MAX,2018,13999,12135,47.1,1.0,0,1,0,0,0,0,0,1
 Grand C-MAX,2016,10750,25929,64.2,1.5,0,1,0,1,0,0,0,0
 Grand C-MAX,2015,9499,58199,64.2,1.5,0,1,0,1,0,0,0,0
 Grand C-MAX,2017,8450,62833,64.2,1.5,0,1,0,1,0,0,0,0
 Grand C-MAX,2017,12500,15077,64.2,1.5,0,1,0,1,0,0,0,0
 Grand C-MAX,2017,14495,8619,64.2,1.5,0,1,0,1,0,0,0,0
 Grand C-MAX,2016,11495,6679,54.3,1.0,0,1,0,0,0,0,0,1
 Grand C-MAX,2017,11799,23792,54.3,1.0,0,1,0,0,0,0,0,1
 Grand C-MAX,2012,5990,71848,40.9,1.6,0,1,0,0,0,0,0,1
 Grand C-MAX,2015,8990,35000,60.1,1.6,0,1,0,1,0,0,0,0
 Grand C-MAX,2013,6699,59122,57.7,1.6,0,1,0,1,0,0,0,0
 Grand C-MAX,2016,9351,59478,54.3,1.0,0,1,0,0,0,0,0,1
 Grand C-MAX,2016,10499,34045,56.5,2.0,1,0,0,1,0,0,0,0
 Grand C-MAX,2016,12195,8000,58.9,1.5,1,0,0,1,0,0,0,0
 Grand C-MAX,2018,14999,19035,64.2,1.5,0,1,0,1,0,0,0,0
 Grand C-MAX,2016,8749,77710,64.2,1.5,0,1,0,1,0,0,0,0
 Grand C-MAX,2016,8599,54727,64.2,1.5,0,1,0,1,0,0,0,0
 Grand C-MAX,2017,12450,10546,54.3,1.0,0,1,0,0,0,0,0,1
 Grand C-MAX,2019,14450,7570,47.9,1.0,0,1,0,0,0,0,0,1
 Grand C-MAX,2017,12250,20292,54.3,1.0,0,1,0,0,0,0,0,1
 Grand C-MAX,2017,11700,20064,54.3,1.0,0,1,0,0,0,0,0,1
 Grand C-MAX,2016,8750,36541,58.9,1.5,1,0,0,1,0,0,0,0
 Grand C-MAX,2016,12295,36706,61.4,2.0,0,1,0,1,0,0,0,0
 Grand C-MAX,2016,10995,28376,56.5,2.0,1,0,0,1,0,0,0,0
 Grand C-MAX,2011,5485,73780,40.9,1.6,0,1,0,0,0,0,0,1
 Grand C-MAX,2014,7490,70000,57.7,1.6,0,1,0,1,0,0,0,0
 Grand C-MAX,2016,9975,30848,54.3,1.0,0,1,0,0,0,0,0,1
 Grand C-MAX,2015,7999,64000,64.2,1.5,0,1,0,1,0,0,0,0
 Grand C-MAX,2015,9100,22304,54.3,1.0,0,1,0,0,0,0,0,1
 Grand C-MAX,2017,11700,19906,61.4,2.0,0,1,0,1,0,0,0,0
 Grand C-MAX,2011,7995,28000,48.7,2.0,1,0,0,1,0,0,0,0
 Grand C-MAX,2011,5995,90000,48.7,2.0,1,0,0,1,0,0,0,0
 Grand C-MAX,2019,16995,7000,51.4,1.5,1,0,0,1,0,0,0,0
 Grand C-MAX,2017,11000,22235,64.2,1.5,0,1,0,1,0,0,0,0
 Grand C-MAX,2017,10500,38967,54.3,1.0,0,1,0,0,0,0,0,1
 Grand C-MAX,2018,14750,4850,47.1,1.0,0,1,0,0,0,0,0,1
 Mondeo,2019,20000,24,65.7,2.0,0,1,0,1,0,0,0,0
 Mondeo,2015,9995,30753,78.5,1.5,0,1,0,1,0,0,0,0
 Mondeo,2016,9998,38358,78.5,1.5,0,1,0,1,0,0,0,0
 Mondeo,2017,17498,14569,53.3,2.0,0,0,1,1,0,0,0,0
 Mondeo,2019,22998,7337,47.1,2.0,1,0,0,0,0,1,0,0
 Mondeo,2015,9998,55621,64.2,2.0,0,1,0,1,0,0,0,0
 Mondeo,2016,12498,25800,64.2,2.0,0,1,0,1,0,0,0,0
 Mondeo,2015,11400,51581,57.7,2.0,0,0,1,1,0,0,0,0
 Mondeo,2016,11298,66732,57.7,2.0,0,0,1,1,0,0,0,0
 Mondeo,2016,11998,29964,65.7,2.0,0,1,0,1,0,0,0,0
 Mondeo,2016,11498,59601,57.7,2.0,0,0,1,1,0,0,0,0
 Mondeo,2016,10698,64351,62.8,2.0,0,1,0,1,0,0,0,0
 Mondeo,2016,9998,65249,57.7,2.0,0,0,1,1,0,0,0,0
 Mondeo,2015,9999,45971,68.9,2.0,0,1,0,1,0,0,0,0
 Mondeo,2018,13691,9055,78.5,1.5,0,1,0,1,0,0,0,0
 Mondeo,2017,12790,31959,48.7,1.5,0,1,0,0,0,0,0,1
 Mondeo,2017,13991,27492,58.9,2.0,0,0,1,1,0,0,0,0
 Mondeo,2015,9221,59292,68.9,2.0,0,1,0,1,0,0,0,0
 Mondeo,2018,13491,22976,68.9,2.0,0,1,0,1,0,0,0,0
 Mondeo,2016,12991,21188,64.2,2.0,0,1,0,1,0,0,0,0
 Mondeo,2018,13000,42678,62.8,2.0,0,1,0,1,0,0,0,0
 Mondeo,2017,14498,22628,38.2,2.0,1,0,0,0,0,0,0,1
 Mondeo,2018,15998,19872,44.8,1.5,1,0,0,0,0,0,0,1
 Mondeo,2019,17998,12584,65.7,2.0,0,1,0,1,0,0,0,0
 Mondeo,2016,9491,60720,78.5,1.5,0,1,0,1,0,0,0,0
 Mondeo,2014,7381,58372,62.8,2.0,0,1,0,1,0,0,0,0
 Mondeo,2015,12151,28039,62.8,2.0,0,1,0,1,0,0,0,0
 Mondeo,2016,11588,20709,78.5,1.5,0,1,0,1,0,0,0,0
 Mondeo,2015,9140,53702,78.5,1.6,0,1,0,1,0,0,0,0
 Mondeo,2015,8600,50758,64.2,2.0,0,1,0,1,0,0,0,0
 Mondeo,2019,14995,21156,45.6,2.0,0,0,1,1,0,0,0,0
 Mondeo,2019,14995,23954,45.6,2.0,0,0,1,1,0,0,0,0
 Mondeo,2019,14795,33542,45.6,2.0,0,0,1,1,0,0,0,0
 Mondeo,2015,8795,62248,68.9,2.0,0,1,0,1,0,0,0,0
 Mondeo,2018,13790,26984,47.1,2.0,0,1,0,1,0,0,0,0
 Mondeo,2015,9998,51916,78.5,1.5,0,1,0,1,0,0,0,0
 Mondeo,2016,10799,59193,65.7,2.0,0,1,0,1,0,0,0,0
 Mondeo,2015,10547,35226,64.2,2.0,0,1,0,1,0,0,0,0
 Mondeo,2016,9840,47219,67.3,2.0,0,1,0,1,0,0,0,0
 Mondeo,2017,12490,36139,64.2,2.0,0,1,0,1,0,0,0,0
 Mondeo,2017,12599,27776,64.2,2.0,0,1,0,1,0,0,0,0
 Mondeo,2017,12480,32140,64.2,2.0,0,1,0,1,0,0,0,0
 Mondeo,2017,11990,25490,67.3,2.0,0,1,0,1,0,0,0,0
 Mondeo,2016,9850,60668,78.5,1.5,0,1,0,1,0,0,0,0
 Mondeo,2017,12890,65040,62.8,2.0,0,1,0,1,0,0,0,0
 Mondeo,2016,11591,29573,68.9,2.0,0,1,0,1,0,0,0,0
 Mondeo,2017,15822,13402,58.9,2.0,1,0,0,1,0,0,0,0
 Mondeo,2018,17122,20877,62.8,2.0,0,1,0,1,0,0,0,0
 Mondeo,2016,10260,22268,78.5,1.5,0,1,0,1,0,0,0,0
 Mondeo,2013,5491,75526,57.7,2.0,0,1,0,1,0,0,0,0
 Mondeo,2017,9498,74351,68.9,2.0,0,1,0,1,0,0,0,0
 Mondeo,2018,17365,8500,37.2,1.5,1,0,0,0,0,0,0,1
 Mondeo,2019,19800,22,65.7,2.0,0,1,0,1,0,0,0,0
 Mondeo,2019,23590,6378,49.6,2.0,1,0,0,1,0,0,0,0
 Mondeo,2017,11298,58827,48.7,1.5,0,1,0,0,0,0,0,1
 Mondeo,2016,12830,38118,58.9,2.0,0,0,1,1,0,0,0,0
 Mondeo,2015,10990,73197,68.9,2.0,0,1,0,1,0,0,0,0
 Mondeo,2013,7990,50083,57.7,2.0,0,1,0,1,0,0,0,0
 Mondeo,2015,12812,34241,43.5,1.5,1,0,0,0,0,0,0,1
 Mondeo,2015,8470,73991,65.7,2.0,0,1,0,1,0,0,0,0
 Mondeo,2016,11291,51139,64.2,2.0,0,1,0,1,0,0,0,0
 Mondeo,2018,17991,22071,58.9,2.0,0,0,1,1,0,0,0,0
 Mondeo,2017,18290,9641,56.5,2.0,1,0,0,0,0,1,0,0
 Mondeo,2015,8973,54803,68.9,2.0,0,1,0,1,0,0,0,0
 Mondeo,2015,12941,10599,48.7,1.5,0,1,0,0,0,0,0,1
 Mondeo,2017,11998,44456,65.7,2.0,0,1,0,1,0,0,0,0
 Mondeo,2016,11400,43998,64.2,2.0,0,1,0,1,0,0,0,0
 Mondeo,2014,7995,57025,44.1,1.6,0,1,0,0,0,0,0,1
 Mondeo,2015,10329,37114,48.7,1.5,0,1,0,0,0,0,0,1
 Mondeo,2015,7999,82094,68.9,2.0,0,1,0,1,0,0,0,0
 Mondeo,2016,9970,54719,78.5,1.5,0,1,0,1,0,0,0,0
 Mondeo,2017,17080,27498,56.5,2.0,1,0,0,0,0,1,0,0
 Mondeo,2017,12950,30191,58.9,2.0,0,0,1,1,0,0,0,0
 Mondeo,2017,9598,59787,78.5,1.5,0,1,0,1,0,0,0,0
 Mondeo,2018,15498,25950,44.8,1.5,1,0,0,0,0,0,0,1
 Mondeo,2016,12995,42165,67.3,2.0,1,0,0,0,0,1,0,0
 Mondeo,2016,11998,37154,58.9,2.0,0,0,1,1,0,0,0,0
 Mondeo,2017,15800,26723,58.9,2.0,0,0,1,1,0,0,0,0
 Mondeo,2014,13302,25931,62.8,2.0,0,1,0,1,0,0,0,0
 Mondeo,2017,11495,58000,65.7,2.0,0,1,0,1,0,0,0,0
 Mondeo,2016,15991,33515,62.8,2.0,0,1,0,1,0,0,0,0
 Mondeo,2017,12791,29252,65.7,2.0,0,1,0,1,0,0,0,0
 Mondeo,2017,14998,23167,48.7,1.5,0,1,0,0,0,0,0,1
 Mondeo,2015,7130,79622,78.5,1.6,0,1,0,1,0,0,0,0
 Mondeo,2016,10650,31542,68.9,2.0,0,1,0,1,0,0,0,0
 Mondeo,2016,10350,18242,78.5,1.5,0,1,0,1,0,0,0,0
 Mondeo,2016,9930,40214,78.5,1.5,0,1,0,1,0,0,0,0
 Mondeo,2015,6491,68535,78.5,1.6,0,1,0,1,0,0,0,0
 Mondeo,2018,15290,10147,48.7,1.5,0,1,0,0,0,0,0,1
 Mondeo,2017,12530,37153,64.2,2.0,0,1,0,1,0,0,0,0
 Mondeo,2016,9990,60639,64.2,2.0,0,1,0,1,0,0,0,0
 Mondeo,2016,12620,22736,64.2,2.0,0,1,0,1,0,0,0,0
 Mondeo,2019,22500,7058,47.1,2.0,1,0,0,0,0,1,0,0
 Mondeo,2015,9291,68560,78.5,1.5,0,1,0,1,0,0,0,0
 Mondeo,2017,13500,31499,68.9,2.0,0,1,0,1,0,0,0,0
 Mondeo,2014,7885,58000,62.8,2.0,0,1,0,1,0,0,0,0
 Mondeo,2015,10499,27381,68.9,2.0,0,1,0,1,0,0,0,0
 Mondeo,2019,13985,33036,45.6,2.0,0,0,1,1,0,0,0,0
 Mondeo,2019,13785,36180,45.6,2.0,0,0,1,1,0,0,0,0
 Mondeo,2019,14685,22505,45.6,2.0,0,0,1,1,0,0,0,0
 Mondeo,2016,7490,80085,78.5,1.5,0,1,0,1,0,0,0,0
 Mondeo,2019,19400,5753,65.7,2.0,0,1,0,1,0,0,0,0
 Mondeo,2017,9490,77368,65.7,2.0,0,1,0,1,0,0,0,0
 Mondeo,2017,10490,59204,65.7,2.0,0,1,0,1,0,0,0,0
 Mondeo,2017,10590,56663,65.7,2.0,0,1,0,1,0,0,0,0
 Mondeo,2017,13000,30765,43.5,1.5,1,0,0,0,0,0,0,1
 Mondeo,2017,17990,30000,58.9,2.0,0,0,1,1,0,0,0,0
 Mondeo,2016,11000,26906,78.5,1.5,0,1,0,1,0,0,0,0
 Mondeo,2016,15975,9396,67.3,2.0,1,0,0,0,1,0,0,0
 Mondeo,2016,14450,36875,38.7,2.0,1,0,0,0,0,0,0,1
 Mondeo,2019,20000,50,65.7,2.0,0,1,0,1,0,0,0,0
 Mondeo,2015,12950,30100,48.7,1.5,0,1,0,0,0,0,0,1
 Mondeo,2015,9625,69238,64.2,2.0,0,1,0,1,0,0,0,0
 Mondeo,2015,9022,60000,78.5,1.5,0,1,0,1,0,0,0,0
 Mondeo,2016,9199,49875,78.5,1.5,0,1,0,1,0,0,0,0
 Mondeo,2018,12999,37761,78.5,1.5,0,1,0,1,0,0,0,0
 Mondeo,2019,20000,14,65.7,2.0,0,1,0,1,0,0,0,0
 Mondeo,2019,20000,110,65.7,2.0,0,1,0,1,0,0,0,0
 Mondeo,2019,20000,23,65.7,2.0,0,1,0,1,0,0,0,0
 Mondeo,2015,10998,41160,68.9,2.0,0,1,0,1,0,0,0,0
 Mondeo,2019,20000,33,65.7,2.0,0,1,0,1,0,0,0,0
 Mondeo,2017,15700,10520,48.7,1.5,0,1,0,0,0,0,0,1
 Mondeo,2017,12999,37960,64.2,2.0,0,1,0,1,0,0,0,0
 Mondeo,2016,10350,67943,68.9,2.0,0,1,0,1,0,0,0,0
 Mondeo,2016,13090,6763,44.8,1.5,1,0,0,0,0,0,0,1
 Mondeo,2015,8450,70068,64.2,2.0,0,1,0,1,0,0,0,0
 Mondeo,2016,9997,43747,67.3,2.0,0,1,0,1,0,0,0,0
 Mondeo,2014,5995,57304,65.7,1.6,0,1,0,1,0,0,0,0
 Mondeo,2019,23570,8042,49.6,2.0,1,0,0,1,0,0,0,0
 Mondeo,2017,14498,14790,44.8,1.5,1,0,0,0,0,0,0,1
 Mondeo,2016,10590,50438,58.9,2.0,1,0,0,1,0,0,0,0
 Mondeo,2019,20000,7,65.7,2.0,0,1,0,1,0,0,0,0
 Mondeo,2019,20000,27,65.7,2.0,0,1,0,1,0,0,0,0
 Mondeo,2016,15990,42611,37.2,2.0,1,0,0,0,0,0,0,1
 Mondeo,2016,10695,44298,74.3,1.5,0,1,0,1,0,0,0,0
 Mondeo,2016,13699,22914,47.9,1.5,0,1,0,0,0,0,0,1
 Mondeo,2017,12495,30911,74.3,1.5,0,1,0,1,0,0,0,0
 Mondeo,2017,10495,38633,78.5,1.5,0,1,0,1,0,0,0,0
 Mondeo,2017,12999,27500,58.9,2.0,0,0,1,1,0,0,0,0
 Mondeo,2016,11995,35437,68.9,2.0,0,1,0,1,0,0,0,0
 Mondeo,2013,8362,40100,61.4,2.0,0,1,0,1,0,0,0,0
 Mondeo,2015,14991,28996,38.2,2.0,1,0,0,0,0,0,0,1
 Mondeo,2015,7561,98438,64.2,2.0,0,1,0,1,0,0,0,0
 Mondeo,2017,17991,26376,52.3,2.0,1,0,0,1,0,0,0,0
 Mondeo,2015,10991,74511,56.5,2.0,0,0,1,1,0,0,0,0
 Mondeo,2018,15998,24705,44.8,1.5,1,0,0,0,0,0,0,1
 Mondeo,2019,22000,8865,58.9,2.0,1,0,0,1,0,0,0,0
 Mondeo,2018,15998,23872,43.5,1.5,1,0,0,0,0,0,0,1
 Mondeo,2016,12691,26905,58.9,2.0,0,0,1,1,0,0,0,0
 Mondeo,2017,13491,24223,64.2,2.0,0,1,0,1,0,0,0,0
 Mondeo,2016,17500,12450,62.8,2.0,0,1,0,1,0,0,0,0
 Mondeo,2018,12890,27856,47.1,2.0,0,1,0,1,0,0,0,0
 Mondeo,2019,19000,4675,62.8,2.0,0,1,0,1,0,0,0,0
 Mondeo,2018,16698,17765,43.5,1.5,1,0,0,0,0,0,0,1
 Mondeo,2019,19500,15,65.7,2.0,0,1,0,1,0,0,0,0
 Mondeo,2015,8470,73991,65.7,2.0,0,1,0,1,0,0,0,0
 Mondeo,2016,9999,29729,78.5,1.5,0,1,0,1,0,0,0,0
 Mondeo,2017,10998,55764,67.3,2.0,0,1,0,1,0,0,0,0
 Mondeo,2016,9599,75309,64.2,2.0,0,1,0,1,0,0,0,0
 Mondeo,2016,9999,77663,64.2,2.0,0,1,0,1,0,0,0,0
 Mondeo,2015,7210,79700,78.5,1.6,0,1,0,1,0,0,0,0
 Mondeo,2016,10550,70729,58.9,2.0,0,0,1,1,0,0,0,0
 Mondeo,2016,13320,29597,62.8,2.0,0,1,0,1,0,0,0,0
 Mondeo,2014,7000,73883,62.8,2.0,0,1,0,1,0,0,0,0
 Mondeo,2013,6500,61074,53.3,2.0,0,1,0,1,0,0,0,0
 Mondeo,2018,19000,15647,57.7,2.0,1,0,0,1,0,0,0,0
 Mondeo,2015,11499,31302,64.2,2.0,0,1,0,1,0,0,0,0
 Mondeo,2015,11414,20486,67.3,2.0,0,1,0,1,0,0,0,0
 Mondeo,2019,19500,23,65.7,2.0,0,1,0,1,0,0,0,0
 Mondeo,2019,19500,33,65.7,2.0,0,1,0,1,0,0,0,0
 Mondeo,2019,18995,5000,58.9,2.0,1,0,0,1,0,0,0,0
 Mondeo,2018,14900,15692,65.7,2.0,0,1,0,1,0,0,0,0
 Mondeo,2020,22000,10,65.7,2.0,0,1,0,1,0,0,0,0
 Mondeo,2020,21000,25,65.7,2.0,0,1,0,1,0,0,0,0
 Mondeo,2019,20500,27,65.7,2.0,0,1,0,1,0,0,0,0
 Mondeo,2019,20500,24,65.7,2.0,0,1,0,1,0,0,0,0
 Mondeo,2019,20500,15,65.7,2.0,0,1,0,1,0,0,0,0
 Mondeo,2020,22000,10,65.7,2.0,0,1,0,1,0,0,0,0
 Mondeo,2020,22000,10,65.7,2.0,0,1,0,1,0,0,0,0
 Mondeo,2020,22000,47,65.7,2.0,0,1,0,1,0,0,0,0
 Mondeo,2020,22000,10,65.7,2.0,0,1,0,1,0,0,0,0
 Mondeo,2019,19500,15,65.7,2.0,0,1,0,1,0,0,0,0
 Mondeo,2019,19500,23,65.7,2.0,0,1,0,1,0,0,0,0
 Mondeo,2020,20000,15,65.7,2.0,0,1,0,1,0,0,0,0
 Mondeo,2020,20000,16,65.7,2.0,0,1,0,1,0,0,0,0
 Mondeo,2020,20000,7,65.7,2.0,0,1,0,1,0,0,0,0
 Mondeo,2019,19500,53,65.7,2.0,0,1,0,1,0,0,0,0
 Mondeo,2019,19500,32,65.7,2.0,0,1,0,1,0,0,0,0
 Mondeo,2020,21000,52,62.8,2.0,0,1,0,1,0,0,0,0
 Mondeo,2017,12995,36708,64.2,2.0,0,1,0,1,0,0,0,0
 Mondeo,2017,15995,11905,44.8,1.5,1,0,0,0,0,0,0,1
 Mondeo,2019,19000,15,65.7,2.0,0,1,0,1,0,0,0,0
 Mondeo,2017,9550,73614,65.7,2.0,0,1,0,1,0,0,0,0
 Mondeo,2019,19500,22,65.7,2.0,0,1,0,1,0,0,0,0
 Mondeo,2019,19500,21,65.7,2.0,0,1,0,1,0,0,0,0
 Mondeo,2017,14500,28377,44.8,1.5,1,0,0,0,0,0,0,1
 Mondeo,2019,19500,26,65.7,2.0,0,1,0,1,0,0,0,0
 Mondeo,2019,19500,27,65.7,2.0,0,1,0,1,0,0,0,0
 Mondeo,2020,21000,17,65.7,2.0,0,1,0,1,0,0,0,0
 Mondeo,2020,21500,23,62.8,2.0,0,1,0,1,0,0,0,0
 Mondeo,2020,21000,7,65.7,2.0,0,1,0,1,0,0,0,0
 Mondeo,2019,19500,7,65.7,2.0,0,1,0,1,0,0,0,0
 Mondeo,2020,20000,10,65.7,2.0,0,1,0,1,0,0,0,0
 Mondeo,2019,19500,32,65.7,2.0,0,1,0,1,0,0,0,0
 Mondeo,2020,20000,10,65.7,2.0,0,1,0,1,0,0,0,0
 Mondeo,2019,20000,29,65.7,2.0,0,1,0,1,0,0,0,0
 Mondeo,2019,20000,31,65.7,2.0,0,1,0,1,0,0,0,0
 Mondeo,2019,20000,10,65.7,2.0,0,1,0,1,0,0,0,0
 Mondeo,2015,10700,29980,78.5,1.5,0,1,0,1,0,0,0,0
 Mondeo,2019,12625,9754,65.7,2.0,0,1,0,1,0,0,0,0
 Mondeo,2019,24195,3606,47.1,2.0,0,0,1,1,0,0,0,0
 Mondeo,2017,12995,30507,64.2,2.0,0,1,0,1,0,0,0,0
 Mondeo,2017,14999,44097,58.9,2.0,0,0,1,1,0,0,0,0
 Mondeo,2017,14999,21751,65.7,2.0,0,1,0,1,0,0,0,0
 Mondeo,2016,11491,47224,74.3,1.5,0,1,0,1,0,0,0,0
 Mondeo,2016,10130,55413,64.2,2.0,0,1,0,1,0,0,0,0
 Mondeo,2015,11221,35936,64.2,2.0,0,1,0,1,0,0,0,0
 Mondeo,2018,14979,25199,48.7,1.5,0,1,0,0,0,0,0,1
 Mondeo,2016,12840,14333,47.9,1.5,0,1,0,0,0,0,0,1
 Mondeo,2020,24979,2213,47.9,2.0,1,0,0,0,0,1,0,0
 Mondeo,2019,27000,18457,48.7,2.0,1,0,0,1,0,0,0,0
 Mondeo,2017,14750,12078,64.2,2.0,0,1,0,1,0,0,0,0
 Mondeo,2019,19999,10281,51.4,2.0,0,1,0,1,0,0,0,0
 Mondeo,2015,9999,44419,78.5,1.5,0,1,0,1,0,0,0,0
 Mondeo,2018,13999,30320,45.6,2.0,0,0,1,1,0,0,0,0
 Mondeo,2016,12099,30986,68.9,2.0,0,1,0,1,0,0,0,0
 Mondeo,2019,21499,3252,65.7,2.0,0,1,0,1,0,0,0,0
 Mondeo,2019,22899,4665,47.1,2.0,1,0,0,0,0,1,0,0
 Mondeo,2017,16200,35136,58.9,2.0,1,0,0,1,0,0,0,0
 Mondeo,2017,13985,51000,57.7,2.0,0,0,1,1,0,0,0,0
 Mondeo,2019,25890,4200,46.3,2.0,1,0,0,0,0,1,0,0
 Mondeo,2020,22499,2813,51.4,2.0,0,1,0,1,0,0,0,0
 Mondeo,2017,17299,10154,38.2,2.0,1,0,0,0,0,0,0,1
 Mondeo,2019,20000,8988,58.9,2.0,0,0,1,1,0,0,0,0
 Mondeo,2015,9500,45506,68.9,2.0,0,1,0,1,0,0,0,0
 Mondeo,2016,9499,61223,78.5,1.5,0,1,0,1,0,0,0,0
 Mondeo,2018,14999,25199,48.7,1.5,0,1,0,0,0,0,0,1
 Mondeo,2020,22999,6897,58.9,2.0,0,0,1,1,0,0,0,0
 Mondeo,2017,15390,18290,44.8,1.5,1,0,0,0,0,0,0,1
 Mondeo,2017,12500,45346,58.9,2.0,1,0,0,1,0,0,0,0
 Mondeo,2017,14990,16098,64.2,2.0,0,1,0,1,0,0,0,0
 Mondeo,2015,11599,24229,48.7,1.5,0,1,0,0,0,0,0,1
 Mondeo,2015,10000,45506,68.9,2.0,0,1,0,1,0,0,0,0
 Mondeo,2017,14250,7147,48.7,1.5,0,1,0,0,0,0,0,1
 Mondeo,2017,15250,19652,62.8,2.0,0,1,0,1,0,0,0,0
 Mondeo,2018,15333,12083,65.7,2.0,0,1,0,1,0,0,0,0
 Mondeo,2016,9311,56500,48.7,1.5,0,1,0,0,0,0,0,1
 Mondeo,2016,11500,47273,58.9,2.0,0,0,1,1,0,0,0,0
 Mondeo,2016,15500,24531,67.3,2.0,1,0,0,0,1,0,0,0
 Mondeo,2016,11501,48401,64.2,2.0,0,1,0,1,0,0,0,0
 Mondeo,2016,14690,9250,62.8,2.0,0,1,0,1,0,0,0,0
 Mondeo,2017,16991,36957,56.5,2.0,0,0,1,1,0,0,0,0
 Mondeo,2019,22000,10408,58.9,2.0,1,0,0,1,0,0,0,0
 Mondeo,2016,18750,9500,52.3,2.0,0,0,1,1,0,0,0,0
 Mondeo,2016,12990,42500,67.3,2.0,1,0,0,0,0,1,0,0
 Mondeo,2016,15891,11996,38.2,2.0,1,0,0,0,0,0,0,1
 Mondeo,2016,15000,25100,57.7,2.0,0,0,1,1,0,0,0,0
 Mondeo,2019,20750,2986,51.4,2.0,0,1,0,1,0,0,0,0
 Mondeo,2016,11250,32426,68.9,2.0,0,1,0,1,0,0,0,0
 Mondeo,2018,17500,3876,43.5,1.5,1,0,0,0,0,0,0,1
 Mondeo,2016,15200,13807,44.8,1.5,1,0,0,0,0,0,0,1
 Mondeo,2018,19500,11171,38.2,2.0,1,0,0,0,0,0,0,1
 Mondeo,2019,20000,192,65.7,2.0,0,1,0,1,0,0,0,0
 Mondeo,2019,19495,25,65.7,2.0,0,1,0,1,0,0,0,0
 Mondeo,2019,25500,3173,49.6,2.0,0,0,1,1,0,0,0,0
 Mondeo,2017,16795,18073,38.2,2.0,1,0,0,0,0,0,0,1
 Mondeo,2018,18600,5034,43.5,1.5,1,0,0,0,0,0,0,1
 Mondeo,2017,18500,11857,38.2,2.0,1,0,0,0,0,0,0,1
 Mondeo,2016,12995,27000,65.7,2.0,0,1,0,1,0,0,0,0
 Mondeo,2019,25400,12145,47.9,2.0,1,0,0,0,0,1,0,0
 Mondeo,2017,14500,20116,48.7,1.5,0,1,0,0,0,0,0,1
 Mondeo,2019,32000,11500,47.1,2.0,1,0,0,1,0,0,0,0
 Mondeo,2015,9690,58000,64.2,2.0,0,1,0,1,0,0,0,0
 Mondeo,2018,15500,13034,65.7,2.0,0,1,0,1,0,0,0,0
 Mondeo,2013,7995,45050,50.4,2.0,1,0,0,1,0,0,0,0
 Mondeo,2009,2750,110000,39.8,2.0,1,0,0,1,0,0,0,0
 Mondeo,2016,14299,27199,38.2,2.0,1,0,0,0,0,0,0,1
 Mondeo,2012,5500,80000,53.3,2.0,0,1,0,1,0,0,0,0
 Mondeo,2011,3995,62000,53.3,2.0,0,1,0,1,0,0,0,0
 Mondeo,2017,11800,40000,48.7,1.5,0,1,0,0,0,0,0,1
 Mondeo,2015,13689,31255,58.9,2.0,0,0,1,1,0,0,0,0
 Mondeo,2017,10998,55611,68.9,2.0,0,1,0,1,0,0,0,0
 Mondeo,2016,15393,10969,38.2,2.0,1,0,0,0,0,0,0,1
 Mondeo,2020,26290,7,47.1,2.0,1,0,0,0,0,1,0,0
 Mondeo,2016,9477,65000,78.5,1.5,0,1,0,1,0,0,0,0
 Mondeo,2017,15000,28304,62.8,2.0,0,1,0,1,0,0,0,0
 Mondeo,2017,11800,47000,78.5,1.5,0,1,0,1,0,0,0,0
 Mondeo,2015,9490,52000,64.2,2.0,0,1,0,1,0,0,0,0
 Mondeo,2016,9500,78000,78.5,1.5,0,1,0,1,0,0,0,0
 Mondeo,2015,10490,54000,58.9,2.0,1,0,0,1,0,0,0,0
 Mondeo,2016,11500,24000,78.5,1.5,0,1,0,1,0,0,0,0
 Mondeo,2015,8490,62000,67.3,2.0,0,1,0,1,0,0,0,0
 Mondeo,2015,7990,80000,68.9,2.0,0,1,0,1,0,0,0,0
 Mondeo,2016,8990,64000,64.2,2.0,0,1,0,1,0,0,0,0
 Mondeo,2014,9490,47000,47.1,2.2,0,1,0,1,0,0,0,0
 Mondeo,2014,8990,40000,53.3,2.0,0,1,0,1,0,0,0,0
 Mondeo,2017,13500,33841,64.2,2.0,0,1,0,1,0,0,0,0
 Mondeo,2018,17800,20170,44.8,1.5,1,0,0,0,0,0,0,1
 Mondeo,2016,10990,43000,58.9,2.0,1,0,0,1,0,0,0,0
 Mondeo,2015,7990,67000,78.5,1.5,0,1,0,1,0,0,0,0
 Mondeo,2015,9490,38000,64.2,2.0,0,1,0,1,0,0,0,0
 Mondeo,2016,10490,69000,64.2,2.0,0,1,0,1,0,0,0,0
 Mondeo,2018,14399,28391,45.6,2.0,1,0,0,1,0,0,0,0
 Mondeo,2018,14399,26793,45.6,2.0,1,0,0,1,0,0,0,0
 Mondeo,2015,9490,61000,62.8,2.0,0,1,0,1,0,0,0,0
 Mondeo,2015,12999,51438,38.2,2.0,1,0,0,0,0,0,0,1
 Mondeo,2018,16800,17960,58.9,2.0,1,0,0,1,0,0,0,0
 Mondeo,2016,10499,47635,78.5,1.5,0,1,0,1,0,0,0,0
 Mondeo,2005,675,97000,48.7,2.0,0,1,0,1,0,0,0,0
 Mondeo,2015,11495,9719,78.5,1.5,0,1,0,1,0,0,0,0
 Mondeo,2016,10999,54347,57.7,2.0,1,0,0,1,0,0,0,0
 Mondeo,2015,8390,52352,68.9,2.0,0,1,0,1,0,0,0,0
 Mondeo,2018,14399,28201,45.6,2.0,1,0,0,1,0,0,0,0
 Mondeo,2015,8299,84637,68.9,2.0,0,1,0,1,0,0,0,0
 Mondeo,2018,14399,24842,45.6,2.0,1,0,0,1,0,0,0,0
 Mondeo,2012,7499,28139,50.4,2.0,1,0,0,1,0,0,0,0
 Mondeo,2002,895,136784,36.2,1.8,0,1,0,0,0,0,0,1
 Mondeo,2018,14399,22645,45.6,2.0,1,0,0,1,0,0,0,0
 Mondeo,2009,4150,79000,44.8,2.2,0,1,0,1,0,0,0,0
 Mondeo,2015,10190,37406,68.9,2.0,0,1,0,1,0,0,0,0
 Mondeo,2016,8640,88393,64.2,2.0,0,1,0,1,0,0,0,0
 Mondeo,2017,10440,51318,67.3,2.0,0,1,0,1,0,0,0,0
 Mondeo,2016,8695,69778,74.3,1.5,0,1,0,1,0,0,0,0
 Mondeo,2016,8995,79265,64.2,2.0,0,1,0,1,0,0,0,0
 Mondeo,2015,8794,97000,65.7,2.0,0,1,0,1,0,0,0,0
 Mondeo,2016,6993,112000,67.3,2.0,0,1,0,1,0,0,0,0
 Mondeo,2012,4190,82773,53.3,2.0,0,1,0,1,0,0,0,0
 Mondeo,2010,3692,113000,50.4,2.0,0,1,0,1,0,0,0,0
 Mondeo,2017,7391,111000,67.3,2.0,0,1,0,1,0,0,0,0
 Mondeo,2016,6991,127000,64.2,2.0,0,1,0,1,0,0,0,0
 Mondeo,2015,6893,130000,68.9,2.0,0,1,0,1,0,0,0,0
 Mondeo,2010,2694,130000,53.3,2.0,0,1,0,1,0,0,0,0
 Mondeo,2015,7991,90000,68.9,2.0,0,1,0,1,0,0,0,0
 Mondeo,2010,3692,113000,50.4,2.0,1,0,0,1,0,0,0,0
 Mondeo,2016,7992,132000,62.8,2.0,0,1,0,1,0,0,0,0
 Mondeo,2015,7792,100000,68.9,2.0,0,1,0,1,0,0,0,0
 Mondeo,2017,7793,114000,65.7,2.0,0,1,0,1,0,0,0,0
 Mondeo,2015,6793,130000,65.7,2.0,0,1,0,1,0,0,0,0
 Mondeo,2014,5393,132000,61.4,2.0,0,1,0,1,0,0,0,0
 Mondeo,2015,6391,142000,68.9,2.0,0,1,0,1,0,0,0,0
 Mondeo,2015,6793,130000,65.7,2.0,0,1,0,1,0,0,0,0
 Mondeo,2015,6391,110000,67.3,2.0,0,1,0,1,0,0,0,0
 Mondeo,2015,6793,138000,68.9,2.0,0,1,0,1,0,0,0,0
 Mondeo,2007,1795,135391,46.3,2.2,0,1,0,1,0,0,0,0
 Mondeo,2016,7492,128000,78.5,1.5,0,1,0,1,0,0,0,0
 Mondeo,2015,6793,130000,68.9,2.0,0,1,0,1,0,0,0,0
 Mondeo,2015,7792,100000,68.9,2.0,0,1,0,1,0,0,0,0
 Mondeo,2016,7792,105000,78.5,1.5,0,1,0,1,0,0,0,0
 Mondeo,2016,8795,94799,64.2,2.0,0,1,0,1,0,0,0,0
 Mondeo,2015,7991,90000,68.9,2.0,0,1,0,1,0,0,0,0
 Mondeo,2016,8793,108000,65.7,2.0,0,1,0,1,0,0,0,0
 Mondeo,2016,7492,128000,78.5,1.5,0,1,0,1,0,0,0,0
 Mondeo,2015,6391,110000,67.3,2.0,0,1,0,1,0,0,0,0
 Mondeo,2010,3493,140000,53.3,2.0,0,1,0,1,0,0,0,0
 Mondeo,2016,6992,134000,67.3,2.0,0,1,0,1,0,0,0,0
 Mondeo,2015,6793,138000,68.9,2.0,0,1,0,1,0,0,0,0
 Mondeo,2015,5991,130000,78.5,1.5,0,1,0,1,0,0,0,0
 Mondeo,2018,13999,34500,45.6,2.0,1,0,0,1,0,0,0,0
 Mondeo,2015,9361,69894,68.9,2.0,0,1,0,1,0,0,0,0
 Mondeo,2016,9362,65799,78.5,1.5,0,1,0,1,0,0,0,0
 Mondeo,2016,9999,54955,78.5,1.5,0,1,0,1,0,0,0,0
 Mondeo,2018,13999,39993,45.6,2.0,1,0,0,1,0,0,0,0
 Mondeo,2015,11275,32508,68.9,2.0,0,1,0,1,0,0,0,0
 Mondeo,2018,14399,29462,45.6,2.0,1,0,0,1,0,0,0,0
 Mondeo,2012,3499,124000,65.7,1.6,0,1,0,1,0,0,0,0
 Mondeo,2015,11999,55686,67.3,2.0,1,0,0,0,0,1,0,0
 Mondeo,2015,10999,25627,78.5,1.5,0,1,0,1,0,0,0,0
 Mondeo,2017,16499,15100,44.8,1.5,1,0,0,0,0,0,0,1
 Mondeo,2018,15999,4443,48.7,1.5,0,1,0,0,0,0,0,1
 Mondeo,2017,12222,38600,64.2,2.0,0,1,0,1,0,0,0,0
 Mondeo,2019,17999,17984,62.8,2.0,0,1,0,1,0,0,0,0
 Mondeo,2017,14999,26476,57.7,2.0,1,0,0,1,0,0,0,0
 Mondeo,2016,10000,89206,57.7,2.0,1,0,0,1,0,0,0,0
 Mondeo,2019,21699,11804,49.6,2.0,1,0,0,0,0,0,0,1
 Mondeo,2016,9195,95150,62.8,2.0,0,1,0,1,0,0,0,0
 Mondeo,2015,9795,102940,67.3,2.0,1,0,0,0,0,1,0,0
 Mondeo,2016,9000,61190,78.5,1.5,0,1,0,1,0,0,0,0
 Mondeo,2017,12000,45032,78.5,1.5,0,1,0,1,0,0,0,0
 Mondeo,2017,13499,27064,48.7,1.5,0,1,0,0,0,0,0,1
 Mondeo,2017,14995,14643,58.9,2.0,1,0,0,1,0,0,0,0
 Mondeo,2018,17999,23598,53.3,2.0,1,0,0,1,0,0,0,0
 Mondeo,2016,10000,27127,65.7,1.5,0,1,0,1,0,0,0,0
 Mondeo,2017,10700,47408,78.5,1.5,0,1,0,1,0,0,0,0
 Mondeo,2015,11600,22321,68.9,2.0,0,1,0,1,0,0,0,0
 Mondeo,2015,9300,48906,78.5,1.5,0,1,0,1,0,0,0,0
 Mondeo,2017,15999,27858,62.8,2.0,0,1,0,1,0,0,0,0
 Mondeo,2016,12400,29608,57.7,2.0,1,0,0,1,0,0,0,0
 Mondeo,2016,13700,36547,57.7,2.0,1,0,0,1,0,0,0,0
 Mondeo,2015,11000,47932,58.9,2.0,1,0,0,1,0,0,0,0
 Mondeo,2018,12489,30050,48.7,1.5,0,1,0,0,0,0,0,1
 Mondeo,2015,11000,33455,68.9,2.0,0,1,0,1,0,0,0,0
 Mondeo,2017,13700,30274,64.2,2.0,0,1,0,1,0,0,0,0
 Mondeo,2017,18300,9624,67.3,2.0,1,0,0,1,0,0,0,0
 Mondeo,2017,14000,19947,64.2,2.0,0,1,0,1,0,0,0,0
 Mondeo,2017,13500,30069,48.7,1.5,0,1,0,0,0,0,0,1
 Mondeo,2017,8295,90190,74.3,1.5,0,1,0,1,0,0,0,0
 Mondeo,2015,8000,81170,57.7,2.0,0,1,0,1,0,0,0,0
 Mondeo,2016,8500,85810,78.5,1.5,0,1,0,1,0,0,0,0
 Mondeo,2017,8000,99300,67.3,2.0,0,1,0,1,0,0,0,0
 Mondeo,2016,10500,55319,58.9,2.0,1,0,0,1,0,0,0,0
 Mondeo,2017,10295,71480,64.2,2.0,0,1,0,1,0,0,0,0
 Mondeo,2011,3495,137000,53.3,2.0,0,1,0,1,0,0,0,0
 Mondeo,2016,10998,22526,78.5,1.5,0,1,0,1,0,0,0,0
 Mondeo,2018,16000,10150,65.7,2.0,0,1,0,1,0,0,0,0
 Mondeo,2015,9000,57547,46.3,2.0,0,1,0,1,0,0,0,0
 Mondeo,2017,13300,20301,78.5,1.5,0,1,0,1,0,0,0,0
 Mondeo,2015,10700,47610,56.5,2.0,0,1,0,1,0,0,0,0
 Mondeo,2017,9999,60000,78.5,1.5,0,1,0,1,0,0,0,0
 Mondeo,2017,13995,1900,48.7,1.5,0,1,0,0,0,0,0,1
 Mondeo,2016,8899,94689,62.8,2.0,0,1,0,1,0,0,0,0
 Mondeo,2017,15800,30767,38.2,2.0,1,0,0,0,0,0,0,1
 Mondeo,2015,9799,48484,65.7,2.0,0,1,0,1,0,0,0,0
 Mondeo,2018,12999,25659,47.1,2.0,0,1,0,1,0,0,0,0
 Mondeo,2016,11739,40230,64.2,2.0,0,1,0,1,0,0,0,0
 Mondeo,2016,7499,85989,78.5,1.5,0,1,0,1,0,0,0,0
 Mondeo,2018,14399,28397,45.6,2.0,1,0,0,1,0,0,0,0
 Mondeo,2015,8494,76215,78.5,1.5,0,1,0,1,0,0,0,0
 Mondeo,2018,13699,47320,45.6,2.0,1,0,0,1,0,0,0,0
 Mondeo,2018,13999,33643,45.6,2.0,1,0,0,1,0,0,0,0
 Mondeo,2018,13999,31345,45.6,2.0,1,0,0,1,0,0,0,0
 Mondeo,2015,8099,84443,78.5,1.5,0,1,0,1,0,0,0,0
 Mondeo,2015,9899,54349,58.9,2.0,1,0,0,1,0,0,0,0
 Mondeo,2011,4750,81000,44.1,2.0,0,1,0,0,0,0,0,1
 Mondeo,2019,24995,2567,46.3,2.0,1,0,0,0,0,1,0,0
 Mondeo,2017,15995,20397,44.8,1.5,1,0,0,0,0,0,0,1
 Mondeo,2015,9995,59872,48.7,1.5,0,1,0,0,0,0,0,1
 Mondeo,2015,12995,28347,62.8,2.0,0,1,0,1,0,0,0,0
 Mondeo,2016,13995,32217,56.5,2.0,1,0,0,1,0,0,0,0
 Mondeo,2020,20499,12,49.6,2.0,0,1,0,1,0,0,0,0
 Mondeo,2015,7295,74810,78.5,1.6,0,1,0,1,0,0,0,0
 Mondeo,2015,5795,150890,65.7,2.0,0,1,0,1,0,0,0,0
 Mondeo,2015,8295,80280,68.9,2.0,0,1,0,1,0,0,0,0
 Mondeo,2017,7195,117390,67.3,2.0,0,1,0,1,0,0,0,0
 Mondeo,2016,7500,101980,67.3,2.0,0,1,0,1,0,0,0,0
 Mondeo,2016,7795,92070,67.3,2.0,0,1,0,1,0,0,0,0
 Mondeo,2011,3995,62000,35.8,2.0,0,1,0,0,0,0,0,1
 Mondeo,2016,7695,90610,68.9,2.0,0,1,0,1,0,0,0,0
 Mondeo,2017,9000,87390,65.7,2.0,0,1,0,1,0,0,0,0
 Mondeo,2016,8295,75580,78.5,1.5,0,1,0,1,0,0,0,0
 Mondeo,2016,8000,80560,68.9,2.0,0,1,0,1,0,0,0,0
 Mondeo,2010,2495,88642,48.7,1.8,0,1,0,1,0,0,0,0
 Mondeo,2013,5328,105000,65.7,0.0,0,1,0,1,0,0,0,0
 Mondeo,2012,5995,77000,57.7,2.0,0,1,0,1,0,0,0,0
 Mondeo,2016,9990,58519,78.5,1.5,0,1,0,1,0,0,0,0
 Mondeo,2013,6995,71000,62.8,2.0,0,1,0,1,0,0,0,0
 Mondeo,2010,3495,98000,35.8,2.0,0,1,0,0,0,0,0,1
 Mondeo,2014,7495,82000,62.8,2.0,0,1,0,1,0,0,0,0
 Mondeo,2014,8995,68333,61.4,2.0,0,1,0,1,0,0,0,0
 Mondeo,2015,10995,66509,58.9,2.0,0,1,0,1,0,0,0,0
 Mondeo,2011,3495,84951,53.3,2.0,0,1,0,1,0,0,0,0
 Mondeo,2014,8995,71869,61.4,2.0,0,1,0,1,0,0,0,0
 Mondeo,2014,7875,70000,61.4,2.0,0,1,0,1,0,0,0,0
 Mondeo,2011,4975,60000,35.8,2.0,0,1,0,0,0,0,0,1
 Mondeo,2016,11399,26162,64.2,2.0,0,1,0,1,0,0,0,0
 Mondeo,2016,14999,17835,38.2,2.0,1,0,0,0,0,0,0,1
 Mondeo,2016,11699,79319,57.7,2.0,1,0,0,1,0,0,0,0
 Mondeo,2013,9500,39876,36.7,2.0,1,0,0,0,0,0,0,1
 Mondeo,2010,4699,76249,50.4,1.8,0,1,0,1,0,0,0,0
 Mondeo,2018,13999,32416,45.6,2.0,1,0,0,1,0,0,0,0
 Mondeo,2013,6399,43441,57.7,2.0,0,1,0,1,0,0,0,0
 Mondeo,2018,13999,36720,45.6,2.0,1,0,0,1,0,0,0,0
 Mondeo,2018,13699,41975,45.6,2.0,1,0,0,1,0,0,0,0
 Mondeo,2015,9599,49163,78.5,1.5,0,1,0,1,0,0,0,0
 Mondeo,2016,9105,92666,68.9,2.0,0,1,0,1,0,0,0,0
 Mondeo,2015,8999,86388,64.2,2.0,0,1,0,1,0,0,0,0
 Mondeo,2014,9149,32904,61.4,2.0,0,1,0,1,0,0,0,0
 Mondeo,2015,9299,78798,57.7,2.0,1,0,0,1,0,0,0,0
 Mondeo,2018,12999,23733,47.1,2.0,0,1,0,1,0,0,0,0
 Mondeo,2017,9999,64447,48.7,1.5,0,1,0,0,0,0,0,1
 Mondeo,2018,13999,34300,45.6,2.0,1,0,0,1,0,0,0,0
 Mondeo,2016,12699,46693,57.7,2.0,1,0,0,1,0,0,0,0
 Mondeo,2018,14399,29582,45.6,2.0,1,0,0,1,0,0,0,0
 Mondeo,2018,14399,28997,45.6,2.0,1,0,0,1,0,0,0,0
 Mondeo,2018,12499,31199,47.1,2.0,0,1,0,1,0,0,0,0
 Mondeo,2005,1295,103000,48.7,2.0,0,1,0,1,0,0,0,0
 Mondeo,2008,1995,130000,47.9,2.0,0,1,0,1,0,0,0,0
 Mondeo,2016,9495,63372,64.2,2.0,0,1,0,1,0,0,0,0
 Mondeo,2012,6250,74099,53.3,2.0,0,1,0,1,0,0,0,0
 Mondeo,2013,5699,76563,57.7,2.0,0,1,0,1,0,0,0,0
 Mondeo,2018,13699,40517,45.6,2.0,1,0,0,1,0,0,0,0
 Mondeo,2017,12450,48664,65.7,2.0,0,1,0,1,0,0,0,0
 Mondeo,2017,10895,37159,68.9,2.0,0,1,0,1,0,0,0,0
 Mondeo,2005,675,108000,36.2,1.8,0,1,0,0,0,0,0,1
 Mondeo,2016,8759,75374,68.9,2.0,0,1,0,1,0,0,0,0
 Mondeo,2014,5290,94000,65.7,1.6,0,1,0,1,0,0,0,0
 Mondeo,2009,3790,79000,48.7,1.8,0,1,0,1,0,0,0,0
 Mondeo,2014,7990,69000,61.4,2.0,0,1,0,1,0,0,0,0
 Mondeo,2007,1495,127000,37.2,1.8,0,1,0,0,0,0,0,1
 Mondeo,2014,5795,98000,50.4,2.0,1,0,0,1,0,0,0,0
 Mondeo,2018,14599,27206,62.8,2.0,0,1,0,1,0,0,0,0
 Mondeo,2007,1200,110000,47.9,2.0,0,1,0,1,0,0,0,0
 Mondeo,2008,1299,1,47.9,2.0,0,1,0,1,0,0,0,0
 Mondeo,2012,3495,151000,65.7,1.6,0,1,0,1,0,0,0,0
 Mondeo,2008,3295,85500,35.8,2.0,0,1,0,0,0,0,0,1
 Mondeo,2011,8950,29901,36.7,2.0,1,0,0,0,0,0,0,1
 Mondeo,2016,10295,102370,67.3,2.0,1,0,0,0,0,1,0,0
 Mondeo,2016,8295,99490,65.7,2.0,0,1,0,1,0,0,0,0
 Mondeo,2015,8000,109880,58.9,2.0,1,0,0,1,0,0,0,0
 Mondeo,2012,7995,51000,53.3,2.0,0,1,0,1,0,0,0,0
 Mondeo,2018,20000,10999,57.7,2.0,1,0,0,1,0,0,0,0
 Mondeo,2017,17490,22000,37.2,2.0,1,0,0,0,0,0,0,1
 Mondeo,2018,16000,18000,57.7,2.0,1,0,0,1,0,0,0,0
 Mondeo,2015,8990,82000,58.9,2.0,1,0,0,1,0,0,0,0
 Mondeo,2016,10000,60533,78.5,1.5,0,1,0,1,0,0,0,0
 Mondeo,2013,5990,40000,42.2,1.6,0,1,0,0,0,0,0,1
 Mondeo,2012,6499,58000,44.1,1.6,0,1,0,0,0,0,0,1
 Mondeo,2015,8999,72450,68.9,2.0,0,1,0,1,0,0,0,0
 Mondeo,2011,4895,75905,35.8,2.0,0,1,0,0,0,0,0,1
 Mondeo,2013,6790,67000,61.4,2.0,0,1,0,1,0,0,0,0
 Mondeo,2017,15695,36000,38.2,2.0,1,0,0,0,0,0,0,1
 Mondeo,2016,11000,50432,78.5,1.5,0,1,0,1,0,0,0,0
 Mondeo,2016,8495,87400,68.9,2.0,0,1,0,1,0,0,0,0
 Mondeo,2015,7495,82535,74.3,2.0,0,1,0,1,0,0,0,0
 Mondeo,2008,3890,70000,30.4,2.3,1,0,0,0,0,0,0,1
 Mondeo,2009,4250,15000,35.8,2.0,0,1,0,0,0,0,0,1
 Mondeo,2009,3800,89000,39.8,2.0,1,0,0,1,0,0,0,0
 Mondeo,2009,2790,114000,35.8,2.0,0,1,0,0,0,0,0,1
 Mondeo,2010,2890,108000,48.7,1.8,0,1,0,1,0,0,0,0
 Mondeo,2015,13800,19470,67.3,2.0,1,0,0,0,0,0,1,0
 Mondeo,2017,12400,63330,67.3,2.0,1,0,0,0,0,1,0,0
 Mondeo,2017,13600,19142,67.3,2.0,0,1,0,1,0,0,0,0
 Mondeo,2018,17999,3570,44.1,1.5,1,0,0,0,0,0,0,1
 Mondeo,2011,5495,104000,47.1,2.2,0,1,0,1,0,0,0,0
 Mondeo,2016,10500,54004,64.2,2.0,0,1,0,1,0,0,0,0
 Mondeo,2017,15499,10162,38.2,5.0,1,0,0,0,0,0,0,1
 Mondeo,2019,20999,3621,47.1,2.0,1,0,0,0,0,0,0,1
 S-MAX,2017,18495,39605,54.3,2.0,1,0,0,1,0,0,0,0
 S-MAX,2017,17498,17051,56.5,2.0,0,1,0,1,0,0,0,0
 S-MAX,2020,34498,4623,43.5,2.0,0,0,1,1,0,0,0,0
 S-MAX,2019,22489,8224,56.5,2.0,0,1,0,1,0,0,0,0
 S-MAX,2019,22489,4000,56.5,2.0,0,1,0,1,0,0,0,0
 S-MAX,2017,18999,42500,51.4,2.0,0,1,0,1,0,0,0,0
 S-MAX,2019,24995,10023,54.3,2.0,0,1,0,1,0,0,0,0
 S-MAX,2016,14498,50364,56.5,2.0,0,1,0,1,0,0,0,0
 S-MAX,2017,16498,33758,56.5,2.0,0,1,0,1,0,0,0,0
 S-MAX,2017,14995,67318,56.5,2.0,0,1,0,1,0,0,0,0
 S-MAX,2016,15495,72189,56.5,2.0,1,0,0,1,0,0,0,0
 S-MAX,2017,16498,25595,43.5,1.5,0,1,0,0,0,0,0,1
 S-MAX,2017,16900,34314,56.5,2.0,0,1,0,1,0,0,0,0
 S-MAX,2019,24995,8524,54.3,2.0,0,1,0,1,0,0,0,0
 S-MAX,2019,20510,8184,56.5,2.0,0,1,0,1,0,0,0,0
 S-MAX,2015,12821,55271,56.5,2.0,0,1,0,1,0,0,0,0
 S-MAX,2016,13498,38995,56.5,2.0,0,1,0,1,0,0,0,0
 S-MAX,2017,16250,36500,56.5,2.0,0,1,0,1,0,0,0,0
 S-MAX,2018,21250,8662,56.5,2.0,0,1,0,1,0,0,0,0
 S-MAX,2018,19750,19896,56.5,2.0,0,1,0,1,0,0,0,0
 S-MAX,2016,15298,40106,56.5,2.0,0,1,0,1,0,0,0,0
 S-MAX,2016,14995,32223,56.5,2.0,0,1,0,1,0,0,0,0
 S-MAX,2019,21673,13490,56.5,2.0,0,1,0,1,0,0,0,0
 S-MAX,2015,13995,49531,49.6,2.0,0,1,0,1,0,0,0,0
 S-MAX,2019,25995,12369,54.3,2.0,0,1,0,1,0,0,0,0
 S-MAX,2019,21000,16461,56.5,2.0,0,1,0,1,0,0,0,0
 S-MAX,2014,12000,63694,54.3,1.6,0,1,0,1,0,0,0,0
 S-MAX,2016,19544,18920,35.8,2.0,1,0,0,0,0,0,0,1
 S-MAX,2017,18990,28911,51.4,2.0,0,0,1,1,0,0,0,0
 S-MAX,2018,20359,7222,52.3,2.0,0,0,1,1,0,0,0,0
 S-MAX,2019,24990,7725,54.3,2.0,0,1,0,1,0,0,0,0
 S-MAX,2015,9995,50178,54.3,1.6,0,1,0,1,0,0,0,0
 S-MAX,2018,21390,15800,56.5,2.0,0,1,0,1,0,0,0,0
 S-MAX,2019,25990,9282,51.4,2.0,0,0,1,1,0,0,0,0
 S-MAX,2017,18990,35601,52.3,2.0,0,0,1,1,0,0,0,0
 S-MAX,2015,14460,30981,52.3,2.0,1,0,0,1,0,0,0,0
 S-MAX,2015,14620,30098,43.5,2.0,0,1,0,1,0,0,0,0
 S-MAX,2015,14950,24421,43.5,1.5,0,1,0,0,0,0,0,1
 S-MAX,2015,14450,45003,56.5,2.0,0,0,1,1,0,0,0,0
 S-MAX,2016,15995,18541,56.5,2.0,0,1,0,1,0,0,0,0
 S-MAX,2016,14995,56347,52.3,2.0,0,0,1,1,0,0,0,0
 S-MAX,2017,14090,50668,56.5,2.0,0,1,0,1,0,0,0,0
 S-MAX,2018,15998,32077,56.5,2.0,0,1,0,1,0,0,0,0
 S-MAX,2016,16000,16030,56.5,2.0,0,1,0,1,0,0,0,0
 S-MAX,2017,15990,28115,56.5,2.0,0,1,0,1,0,0,0,0
 S-MAX,2017,19490,21021,51.4,2.0,0,0,1,1,0,0,0,0
 S-MAX,2015,15698,13300,43.5,1.5,0,1,0,0,0,0,0,1
 S-MAX,2017,18298,12232,52.3,2.0,0,0,1,1,0,0,0,0
 S-MAX,2019,27480,6656,54.3,2.0,0,1,0,1,0,0,0,0
 S-MAX,2016,17995,34606,52.3,2.0,0,0,1,1,0,0,0,0
 S-MAX,2016,17490,33777,56.5,2.0,0,1,0,1,0,0,0,0
 S-MAX,2013,8500,39704,54.3,1.6,0,1,0,1,0,0,0,0
 S-MAX,2017,17500,29570,52.3,2.0,0,0,1,1,0,0,0,0
 S-MAX,2016,15500,27790,56.5,2.0,0,1,0,1,0,0,0,0
 S-MAX,2017,18998,20397,52.3,2.0,0,1,0,1,0,0,0,0
 S-MAX,2017,12330,73783,56.5,2.0,0,1,0,1,0,0,0,0
 S-MAX,2017,19061,33843,56.5,2.0,0,1,0,1,0,0,0,0
 S-MAX,2016,14120,42750,56.5,2.0,0,1,0,1,0,0,0,0
 S-MAX,2016,17590,27229,56.5,2.0,0,1,0,1,0,0,0,0
 S-MAX,2019,20941,6538,56.5,2.0,0,1,0,1,0,0,0,0
 S-MAX,2016,14620,22231,56.5,2.0,0,1,0,1,0,0,0,0
 S-MAX,2018,18030,16583,56.5,2.0,0,1,0,1,0,0,0,0
 S-MAX,2017,16407,35201,51.4,2.0,0,1,0,1,0,0,0,0
 S-MAX,2017,18000,32493,56.5,2.0,0,1,0,1,0,0,0,0
 S-MAX,2016,13277,63691,52.3,2.0,1,0,0,1,0,0,0,0
 S-MAX,2016,18395,33261,35.8,2.0,1,0,0,0,0,0,0,1
 S-MAX,2017,16490,31315,43.5,1.5,0,1,0,0,0,0,0,1
 S-MAX,2016,15895,34754,56.5,2.0,0,1,0,1,0,0,0,0
 S-MAX,2017,17980,16270,56.5,2.0,0,1,0,1,0,0,0,0
 S-MAX,2015,15440,24421,43.5,1.5,0,1,0,0,0,0,0,1
 S-MAX,2017,17999,38857,56.5,2.0,0,1,0,1,0,0,0,0
 S-MAX,2017,19695,29678,35.8,2.0,1,0,0,0,0,0,0,1
 S-MAX,2018,17998,27672,56.5,2.0,0,1,0,1,0,0,0,0
 S-MAX,2017,17999,40443,56.5,2.0,0,1,0,1,0,0,0,0
 S-MAX,2017,20999,17864,52.3,2.0,0,0,1,1,0,0,0,0
 S-MAX,2016,15791,42148,56.5,2.0,0,1,0,1,0,0,0,0
 S-MAX,2017,14990,49789,56.5,2.0,0,1,0,1,0,0,0,0
 S-MAX,2018,23038,15019,52.3,2.0,0,0,1,1,0,0,0,0
 S-MAX,2017,21975,18801,35.8,2.0,1,0,0,0,0,0,0,1
 S-MAX,2019,24000,5,34.0,1.5,0,1,0,0,0,0,0,1
 S-MAX,2017,14998,46362,56.5,2.0,0,1,0,1,0,0,0,0
 S-MAX,2016,16698,29582,56.5,2.0,0,1,0,1,0,0,0,0
 S-MAX,2017,16491,28744,43.5,1.5,0,1,0,0,0,0,0,1
 S-MAX,2017,17999,20390,43.5,1.5,0,1,0,0,0,0,0,1
 S-MAX,2017,13498,60200,56.5,2.0,0,1,0,1,0,0,0,0
 S-MAX,2017,17900,13771,43.5,1.5,0,1,0,0,0,0,0,1
 S-MAX,2016,15671,30457,56.5,2.0,0,1,0,1,0,0,0,0
 S-MAX,2017,20999,12299,51.4,2.0,0,0,1,1,0,0,0,0
 S-MAX,2016,15895,56583,56.5,2.0,0,1,0,1,0,0,0,0
 S-MAX,2018,19995,13969,56.5,2.0,0,1,0,1,0,0,0,0
 S-MAX,2016,19995,19398,56.5,2.0,0,1,0,1,0,0,0,0
 S-MAX,2017,14495,50079,56.5,2.0,0,1,0,1,0,0,0,0
 S-MAX,2019,24995,9252,33.6,1.5,0,1,0,0,0,0,0,1
 S-MAX,2015,14995,30702,52.3,2.0,0,0,1,1,0,0,0,0
 S-MAX,2017,18995,44229,51.4,2.0,0,0,1,1,0,0,0,0
 S-MAX,2017,16998,35940,52.3,2.0,0,0,1,1,0,0,0,0
 S-MAX,2017,17998,16575,56.5,2.0,0,1,0,1,0,0,0,0
 S-MAX,2017,17295,16634,56.5,2.0,0,1,0,1,0,0,0,0
 S-MAX,2017,24000,16815,54.3,2.0,0,0,1,1,0,0,0,0
 S-MAX,2019,26000,6145,51.4,2.0,0,0,1,1,0,0,0,0
 S-MAX,2017,18491,27330,51.4,2.0,0,1,0,1,0,0,0,0
 S-MAX,2018,26000,4150,54.3,2.0,0,0,1,1,0,0,0,0
 S-MAX,2017,16998,26635,56.5,2.0,0,1,0,1,0,0,0,0
 S-MAX,2019,28900,3676,51.4,2.0,0,0,1,1,0,0,0,0
 S-MAX,2018,26900,9305,51.4,2.0,1,0,0,1,0,0,0,0
 S-MAX,2019,29499,8998,51.4,2.0,0,0,1,1,0,0,0,0
 S-MAX,2016,18999,35196,51.4,2.0,0,0,1,1,0,0,0,0
 S-MAX,2017,19150,23570,51.4,2.0,0,1,0,1,0,0,0,0
 S-MAX,2017,16201,36677,56.5,1.5,0,1,0,1,0,0,0,0
 S-MAX,2016,14310,52216,56.5,2.0,0,1,0,1,0,0,0,0
 S-MAX,2015,18992,16400,35.8,2.0,1,0,0,0,0,0,0,1
 S-MAX,2019,25990,12567,54.3,2.0,0,1,0,1,0,0,0,0
 S-MAX,2019,30000,623,43.5,2.0,0,0,1,1,0,0,0,0
 S-MAX,2019,28000,7400,54.3,2.0,0,1,0,1,0,0,0,0
 S-MAX,2017,17700,23105,56.5,2.0,0,1,0,1,0,0,0,0
 S-MAX,2019,29499,8998,51.4,2.0,0,0,1,1,0,0,0,0
 S-MAX,2015,10495,20682,54.3,1.6,0,1,0,1,0,0,0,0
 S-MAX,2019,23995,10550,56.5,2.0,0,1,0,1,0,0,0,0
 S-MAX,2017,15800,37500,56.5,2.0,0,1,0,1,0,0,0,0
 S-MAX,2017,19250,32805,35.8,2.0,1,0,0,0,0,0,0,1
 S-MAX,2017,20495,30478,56.5,2.0,0,1,0,1,0,0,0,0
 S-MAX,2019,21495,13000,56.5,2.0,0,1,0,1,0,0,0,0
 S-MAX,2017,17950,28280,43.5,1.5,0,1,0,0,0,0,0,1
 S-MAX,2017,20500,16840,35.8,2.0,1,0,0,0,0,0,0,1
 S-MAX,2017,17400,13406,56.5,2.0,0,1,0,1,0,0,0,0
 S-MAX,2019,23400,14082,54.3,2.0,0,1,0,1,0,0,0,0
 S-MAX,2017,16200,54371,52.3,2.0,0,0,1,1,0,0,0,0
 S-MAX,2016,15800,29246,56.5,2.0,0,1,0,1,0,0,0,0
 S-MAX,2019,28995,5029,54.3,2.0,0,1,0,1,0,0,0,0
 S-MAX,2016,12795,50691,56.5,2.0,0,1,0,1,0,0,0,0
 S-MAX,2016,16699,26889,52.3,2.0,0,0,1,1,0,0,0,0
 S-MAX,2016,19499,27119,35.8,2.0,1,0,0,0,0,0,0,1
 S-MAX,2017,19491,10908,56.5,2.0,0,1,0,1,0,0,0,0
 S-MAX,2016,16479,31766,52.3,2.0,1,0,0,1,0,0,0,0
 S-MAX,2019,25991,8158,54.3,2.0,0,1,0,1,0,0,0,0
 S-MAX,2016,16660,18366,56.5,2.0,0,0,1,1,0,0,0,0
 S-MAX,2018,21750,18153,52.3,2.0,0,0,1,1,0,0,0,0
 S-MAX,2016,16630,23905,56.5,2.0,0,1,0,1,0,0,0,0
 S-MAX,2015,13979,53855,56.5,2.0,0,1,0,1,0,0,0,0
 S-MAX,2017,15479,41391,56.5,2.0,0,1,0,1,0,0,0,0
 S-MAX,2017,16779,44424,52.3,2.0,0,0,1,1,0,0,0,0
 S-MAX,2019,33979,4988,43.5,2.0,0,0,1,1,0,0,0,0
 S-MAX,2019,22979,8199,33.6,1.5,0,1,0,0,0,0,0,1
 S-MAX,2019,23179,12036,33.6,1.5,0,1,0,0,0,0,0,1
 S-MAX,2019,24979,10026,54.3,2.0,0,1,0,1,0,0,0,0
 S-MAX,2017,17800,27547,56.5,2.0,0,1,0,1,0,0,0,0
 S-MAX,2017,18800,22254,52.3,2.0,0,0,1,1,0,0,0,0
 S-MAX,2015,18499,24622,35.8,2.0,1,0,0,0,0,0,0,1
 S-MAX,2017,16499,26410,56.5,2.0,0,1,0,1,0,0,0,0
 S-MAX,2017,17299,31355,56.5,2.0,0,1,0,1,0,0,0,0
 S-MAX,2019,25399,8457,54.3,2.0,0,1,0,1,0,0,0,0
 S-MAX,2016,17199,25329,52.3,2.0,0,0,1,1,0,0,0,0
 S-MAX,2017,19299,19198,56.5,2.0,0,1,0,1,0,0,0,0
 S-MAX,2017,18699,26372,56.5,2.0,0,1,0,1,0,0,0,0
 S-MAX,2016,15000,33770,56.5,2.0,0,1,0,1,0,0,0,0
 S-MAX,2016,15498,34000,52.3,2.0,0,0,1,1,0,0,0,0
 S-MAX,2016,15496,50000,56.5,2.0,0,1,0,1,0,0,0,0
 S-MAX,2019,24500,13156,54.3,2.0,0,1,0,1,0,0,0,0
 S-MAX,2017,19399,28225,56.5,2.0,0,1,0,1,0,0,0,0
 S-MAX,2017,16899,36545,56.5,2.0,0,1,0,1,0,0,0,0
 S-MAX,2017,17199,32942,56.5,2.0,0,1,0,1,0,0,0,0
 S-MAX,2018,20199,10824,43.5,1.5,0,1,0,0,0,0,0,1
 S-MAX,2017,16899,36791,56.5,2.0,0,1,0,1,0,0,0,0
 S-MAX,2017,16599,42385,56.5,2.0,0,1,0,1,0,0,0,0
 S-MAX,2017,19799,30008,56.5,2.0,0,1,0,1,0,0,0,0
 S-MAX,2017,19199,26577,56.5,2.0,0,1,0,1,0,0,0,0
 S-MAX,2017,18799,23278,51.4,2.0,0,1,0,1,0,0,0,0
 S-MAX,2017,18399,32331,56.5,2.0,0,1,0,1,0,0,0,0
 S-MAX,2017,18999,24434,56.5,2.0,0,1,0,1,0,0,0,0
 S-MAX,2016,16499,33071,43.5,2.0,0,1,0,1,0,0,0,0
 S-MAX,2019,24190,13301,54.3,2.0,0,1,0,1,0,0,0,0
 S-MAX,2016,19000,35665,54.3,2.0,0,0,1,1,0,0,0,0
 S-MAX,2017,15699,24553,52.3,2.0,0,0,1,1,0,0,0,0
 S-MAX,2019,23795,14233,54.3,2.0,0,1,0,1,0,0,0,0
 S-MAX,2017,19800,19090,51.4,2.0,0,1,0,1,0,0,0,0
 S-MAX,2017,17495,30000,52.3,2.0,0,0,1,1,0,0,0,0
 S-MAX,2017,16990,18748,56.5,2.0,0,1,0,1,0,0,0,0
 S-MAX,2019,25470,13000,54.3,2.0,0,1,0,1,0,0,0,0
 S-MAX,2017,19570,27434,35.8,2.0,1,0,0,0,0,0,0,1
 S-MAX,2016,17000,17793,43.5,1.5,0,1,0,0,0,0,0,1
 S-MAX,2020,22991,51,47.1,2.0,0,1,0,1,0,0,0,0
 S-MAX,2017,19100,16050,56.5,2.0,0,1,0,1,0,0,0,0
 S-MAX,2015,14990,55474,51.4,2.0,0,0,1,1,0,0,0,0
 S-MAX,2016,16790,33721,51.4,2.0,0,1,0,1,0,0,0,0
 S-MAX,2016,17000,23012,52.3,2.0,0,0,1,1,0,0,0,0
 S-MAX,2019,25500,15519,51.4,2.0,0,0,1,1,0,0,0,0
 S-MAX,2016,16000,29509,56.5,2.0,0,1,0,1,0,0,0,0
 S-MAX,2019,24400,11704,54.3,2.0,0,1,0,1,0,0,0,0
 S-MAX,2016,16299,16974,52.3,2.0,1,0,0,1,0,0,0,0
 S-MAX,2017,19299,29861,52.3,2.0,0,0,1,1,0,0,0,0
 S-MAX,2017,15999,39014,52.3,2.0,0,0,1,1,0,0,0,0
 S-MAX,2016,15520,22497,56.5,2.0,0,1,0,1,0,0,0,0
 S-MAX,2018,23000,5352,53.3,2.0,1,0,0,1,0,0,0,0
 S-MAX,2017,18000,20152,43.5,1.5,0,1,0,0,0,0,0,1
 S-MAX,2016,16000,34464,56.5,2.0,0,0,1,1,0,0,0,0
 S-MAX,2019,27000,4850,54.3,2.0,1,0,0,1,0,0,0,0
 S-MAX,2016,17495,8151,56.5,2.0,0,1,0,1,0,0,0,0
 S-MAX,2017,16250,25373,56.5,2.0,0,1,0,1,0,0,0,0
 S-MAX,2017,21500,16000,35.8,2.0,1,0,0,0,0,0,0,1
 S-MAX,2017,17750,20257,52.3,2.0,0,0,1,1,0,0,0,0
 S-MAX,2017,16690,20771,56.5,2.0,0,1,0,1,0,0,0,0
 S-MAX,2019,25000,9544,54.3,2.0,0,1,0,1,0,0,0,0
 S-MAX,2019,24690,9544,54.3,2.0,0,1,0,1,0,0,0,0
 S-MAX,2017,21000,16000,35.8,2.0,1,0,0,0,0,0,0,1
 S-MAX,2019,24690,12771,54.3,2.0,0,1,0,1,0,0,0,0
 S-MAX,2019,25000,9544,54.3,2.0,0,1,0,1,0,0,0,0
 S-MAX,2017,21000,28167,51.4,2.0,0,0,1,1,0,0,0,0
 S-MAX,2020,33000,1500,43.5,2.0,0,0,1,1,0,0,0,0
 S-MAX,2019,22750,6000,53.3,2.0,1,0,0,1,0,0,0,0
 S-MAX,2016,15000,49001,56.5,2.0,0,1,0,1,0,0,0,0
 S-MAX,2014,10911,40000,39.8,2.2,1,0,0,1,0,0,0,0
 S-MAX,2017,15775,35939,52.3,2.0,0,0,1,1,0,0,0,0
 S-MAX,2016,15700,34247,56.5,2.0,0,1,0,1,0,0,0,0
 S-MAX,2017,19750,28000,51.4,2.0,0,0,1,1,0,0,0,0
 S-MAX,2016,15500,40000,56.5,2.0,0,1,0,1,0,0,0,0
 S-MAX,2016,15990,30000,56.5,2.0,1,0,0,1,0,0,0,0
 S-MAX,2016,15499,45018,56.5,2.0,0,1,0,1,0,0,0,0
 S-MAX,2016,16999,40166,52.3,2.0,1,0,0,1,0,0,0,0
 S-MAX,2016,16399,24886,56.5,2.0,0,1,0,1,0,0,0,0
 S-MAX,2017,17999,16018,56.5,2.0,0,1,0,1,0,0,0,0
 S-MAX,2016,17988,36918,56.5,2.0,0,1,0,1,0,0,0,0
 S-MAX,2016,15199,22589,56.5,2.0,0,1,0,1,0,0,0,0
 S-MAX,2017,18499,10172,52.3,2.0,1,0,0,1,0,0,0,0
 S-MAX,2016,15369,36932,56.5,2.0,0,1,0,1,0,0,0,0
 S-MAX,2012,10997,39125,47.1,2.0,1,0,0,1,0,0,0,0
 S-MAX,2016,14331,33230,52.3,2.0,1,0,0,1,0,0,0,0
 S-MAX,2017,17986,52835,51.4,2.0,1,0,0,1,0,0,0,0
 S-MAX,2020,32999,49,43.5,2.0,1,0,0,1,0,0,0,0
 S-MAX,2015,8199,88570,49.6,2.0,0,1,0,1,0,0,0,0
 S-MAX,2011,5990,108343,47.1,2.0,1,0,0,1,0,0,0,0
 S-MAX,2016,14800,32469,56.5,2.0,0,1,0,1,0,0,0,0
 S-MAX,2016,16949,39140,51.4,2.0,0,1,0,1,0,0,0,0
 S-MAX,2016,17000,56372,52.3,2.0,1,0,0,1,0,0,0,0
 S-MAX,2013,9000,42522,47.1,2.0,1,0,0,1,0,0,0,0
 S-MAX,2017,14000,38955,56.5,2.0,0,1,0,1,0,0,0,0
 S-MAX,2016,17489,17081,56.5,2.0,0,1,0,1,0,0,0,0
 S-MAX,2017,14989,35680,52.3,2.0,0,0,1,1,0,0,0,0
 S-MAX,2014,9990,19391,54.3,1.6,0,1,0,1,0,0,0,0
 S-MAX,2016,17899,25648,35.8,2.0,1,0,0,0,0,0,0,1
 S-MAX,2017,18299,14401,51.4,2.0,1,0,0,1,0,0,0,0
 S-MAX,2016,14498,9966,52.3,2.0,1,0,0,1,0,0,0,0
 S-MAX,2008,4695,72900,45.6,2.0,0,1,0,1,0,0,0,0
 S-MAX,2016,15857,29118,56.5,2.0,0,1,0,1,0,0,0,0
 S-MAX,2016,16450,29156,52.3,2.0,1,0,0,1,0,0,0,0
 S-MAX,2017,18490,47612,51.4,2.0,0,1,0,1,0,0,0,0
 S-MAX,2013,7999,50000,53.3,2.0,0,1,0,1,0,0,0,0
 S-MAX,2017,17495,23154,56.5,1.5,0,1,0,1,0,0,0,0
 S-MAX,2016,16995,26284,52.3,2.0,1,0,0,1,0,0,0,0
 S-MAX,2013,11000,71430,39.8,2.2,1,0,0,1,0,0,0,0
 S-MAX,2017,11495,97390,56.5,2.0,0,1,0,1,0,0,0,0
 S-MAX,2015,11500,82370,56.5,1.5,0,1,0,0,0,0,0,1
 S-MAX,2011,6990,67507,50.4,2.0,0,1,0,1,0,0,0,0
 S-MAX,2010,6490,71363,47.1,2.0,0,1,0,1,0,0,0,0
 S-MAX,2016,17499,33453,51.4,2.0,0,1,0,1,0,0,0,0
 S-MAX,2006,3875,120000,44.1,2.0,0,1,0,1,0,0,0,0
 S-MAX,2017,15795,32668,56.5,2.0,0,1,0,1,0,0,0,0
 S-MAX,2018,20995,35805,56.5,2.0,0,1,0,1,0,0,0,0
 S-MAX,2013,7899,81514,47.1,2.0,1,0,0,1,0,0,0,0
 S-MAX,2017,19999,17116,51.4,2.0,0,1,0,1,0,0,0,0
 S-MAX,2013,10000,80611,47.1,2.0,0,0,1,1,0,0,0,0
 S-MAX,2006,2995,111000,45.6,1.8,0,1,0,1,0,0,0,0
 S-MAX,2017,15450,39065,56.5,2.0,0,1,0,1,0,0,0,0
 S-MAX,2018,18949,21317,56.5,2.0,0,1,0,1,0,0,0,0
 S-MAX,2017,11295,111770,56.5,2.0,0,1,0,1,0,0,0,0
 S-MAX,2016,13379,65904,56.5,2.0,0,1,0,1,0,0,0,0
 S-MAX,2016,17500,35000,56.5,2.0,1,0,0,1,0,0,0,0
 S-MAX,2019,35000,3450,51.4,2.0,1,0,0,1,0,0,0,0
 S-MAX,2011,5995,113000,47.1,2.0,0,1,0,1,0,0,0,0
 S-MAX,2007,2995,129000,45.6,1.8,0,1,0,1,0,0,0,0
 S-MAX,2017,19000,21787,56.5,2.0,0,1,0,1,0,0,0,0
 S-MAX,2016,15880,46200,52.3,2.0,1,0,0,1,0,0,0,0
 S-MAX,2015,16990,38000,35.8,2.0,1,0,0,0,0,0,0,1
 S-MAX,2017,19000,33620,51.4,2.0,0,0,1,1,0,0,0,0
 S-MAX,2011,4990,111200,47.1,2.0,1,0,0,1,0,0,0,0
 S-MAX,2017,15895,50754,52.3,2.0,1,0,0,1,0,0,0,0
 S-MAX,2012,5995,108822,47.1,2.0,0,0,1,1,0,0,0,0
 S-MAX,2014,11995,25459,39.8,2.2,1,0,0,1,0,0,0,0
 S-MAX,2009,5685,59496,42.8,2.2,0,1,0,1,0,0,0,0
 S-MAX,2008,4890,106000,29.1,2.3,1,0,0,0,0,0,0,1
 S-MAX,2015,13990,18000,52.3,2.0,1,0,0,1,0,0,0,0
 S-MAX,2017,18300,33219,52.3,2.0,1,0,0,1,0,0,0,0
 S-MAX,2014,9488,62000,47.1,2.0,1,0,0,1,0,0,0,0
 S-MAX,2017,16000,28326,52.3,2.0,1,0,0,1,0,0,0,0
 S-MAX,2017,17000,32882,51.4,2.0,0,1,0,1,0,0,0,0
 S-MAX,2017,16000,25962,56.5,2.0,0,1,0,1,0,0,0,0
 S-MAX,2016,13750,35487,56.5,2.0,0,1,0,1,0,0,0,0
 S-MAX,2016,14500,42153,56.5,2.0,0,1,0,1,0,0,0,0
 S-MAX,2013,8495,75000,54.3,1.6,0,1,0,1,0,0,0,0
 S-MAX,2015,10450,42020,54.3,1.6,0,1,0,1,0,0,0,0
 S-MAX,2017,19999,14781,52.3,2.0,1,0,0,1,0,0,0,0
 S-MAX,2007,2400,144000,44.1,2.0,0,1,0,1,0,0,0,0
 S-MAX,2019,25000,13200,53.3,2.0,1,0,0,1,0,0,0,0
 S-MAX,2020,30000,1000,43.5,2.0,1,0,0,1,0,0,0,0
 S-MAX,2017,15999,36384,43.5,1.5,0,1,0,0,0,0,0,1
 S-MAX,2016,15499,32027,52.3,2.0,0,0,1,1,0,0,0,0
 S-MAX,2016,21499,20179,51.4,2.0,0,0,1,1,0,0,0,0
